Language	ISO 639-3	Glottocode	prefix
Önge	oon	onge1236	True
Àhàn	ahn	ahan1244	True
Zuni	zun	zuni1245	True
Zulu	zul	zulu1248	True
Zulgo-Gemzek	gnd	zulg1242	True
Zou	zom	zouu1235	True
Zoroastrian Dari	gbz	zoro1242	True
Zoogocho Zapotec	zpq	zoog1238	True
Zinza	zin	zinz1238	True
Zimbabwean Ndebele	nde	nort2795	True
Zimba	zmb	zimb1251	True
Zigula-Mushungulu	ziw	zigu1244	True
Zialo	zil	zial1235	True
Zia	zia	ziaa1250	True
Zhangzhung	xzh	zhan1239	True
Zenzontepec Chatino	czn	zenz1235	True
Zeme Naga	nzm	zeme1240	True
Zemba	dhm	zemb1238	True
Zbu	NOCODE_Zbu	zbua1234	True
Zauzou	zal	zauz1238	True
Zaniza Zapotec	zpw	zani1235	True
Zande	zne	zand1248	True
Zakhring	zkr	zakh1243	True
Zaiwa	atb	zaiw1241	True
Zacatepec Chatino	ctz	zaca1242	True
Zabana	kji	zaba1237	True
Yámana	yag	yama1264	True
Yuwaalaraay-Gamilaraay	kld	gami1243	True
Yurok	yur	yuro1248	True
Yuracaré	yuz	yura1255	True
Yuputhimri	NOCODE_Yuputhimri	yupu1235	True
Yukuben	ybl	yuku1243	True
Yuki	yuk	yuki1243	True
Yue Chinese	yue	yuec1235	True
Yucuna	ycn	yucu1253	True
Yuchi	yuc	yuch1247	True
Yucatec Maya	yua	yuca1254	True
Yoy	yoy	yoyy1238	True
Younuo Bunu	buh	youn1235	True
Yosondúa Mixtec	mpm	yoso1239	True
Yoruba	yor	yoru1245	True
Yora	mts	yora1241	True
Yopno	yut	yopn1238	True
Yongning Na	nru	yong1270	True
Yongnan Zhuang	zyn	yong1275	True
Yonggom	yon	yong1280	True
Yonaguni	yoi	yona1241	True
Yom	pil	yomm1242	True
Yokuts	yok	yoku1256	True
Yogad	yog	yoga1237	True
Yir-Yoront	yiy	yiry1245	True
Yintyinka-Ayabadhu	ayd	ayab1239	True
Yine	pib	yine1238	True
Yinchia	yin	yinc1238	True
Yimas	yee	yima1243	True
Yidiny	yii	yidi1250	True
Yeyi	yey	yeyi1239	True
Yessan-Mayo	yss	yess1239	True
Yeri	yev	yapu1240	True
Yemsa	jnj	yems1235	True
Yemba	ybb	yemb1246	True
Yele	yle	yele1255	True
Yekhee	ets	yekh1238	True
Yecuatla Totonac	tlc	yecu1235	True
Ye'kwana	mch	maqu1238	True
Yaygir	xya	yayg1236	True
Yawuru	ywr	yawu1244	True
Yaweyuha	yby	yawe1241	True
Yauyos Quechua	qux	yauy1235	True
Yau (Morobe Province)	yuw	yaum1237	True
Yareba	yrb	yare1248	True
Yaqui	yaq	yaqu1251	True
Yapese	yap	yape1248	True
Yao	yao	yaoo1241	True
Yanyuwa	jao	yany1243	True
Yanomám	wca	yano1262	True
Yankunytjatjara	kdd	yank1247	True
Yanesha'	ame	yane1238	True
Yanda Dom Dogon	dym	yand1257	True
Yana	ynn	yana1271	True
Yan-nhangu	jay	yann1237	True
Yamphu	ybi	yamp1242	True
Yaminahua	yaa	yami1256	True
Yami	tao	yami1254	True
Yamba	yam	yamb1251	True
Yalunka	yal	yalu1240	True
Yale	nce	yale1246	True
Yalahatan-Haruru-Awaiya	jal	yala1266	True
Yala	yba	yala1263	True
Yakkha	ybh	yakk1236	True
Yakan	yka	yaka1277	True
Yagua	yad	yagu1244	True
Yagnobi	yai	yagn1238	True
Yagaria	ygr	yaga1260	True
Yabem	jae	yabe1254	True
Yaaku	muu	yaak1241	True
Xârâcùù	ane	xara1244	True
Xokleng	xok	xokl1240	True
Xishanba Lalo	ywt	xish1235	True
Xinca-Guazacapan	NOCODE_Xinca-Guazacapan	xinc1246	True
Xicotepec De Juárez Totonac	too	xico1235	True
Xiang Chinese	hsn	xian1251	True
Xhosa	xho	xhos1239	True
Xanaguía Zapotec	ztg	xana1235	True
Xamtanga	xan	xamt1239	True
Wymysorys	wym	wymy1235	True
Wuvulu-Aua	wuv	wuvu1239	True
Wutunhua	wuh	wutu1241	True
Wutung	wut	wutu1244	True
Wunambal	wub	wuna1249	True
Wubuy	nuy	nung1290	True
Woun Meu	noa	woun1238	True
Wotu	wtw	wotu1240	True
Worrorra	wro	worr1237	True
Worimi	kda	wori1245	True
Woods Cree	cwd	wood1236	True
Wongo	won	wong1247	True
Wolio	wlo	woli1241	True
Woleaian	woe	wole1240	True
Wolaytta	wal	wola1242	True
Wolane	wle	wola1253	True
Woi	wbw	woii1237	True
Wiyot	wiy	wiyo1248	True
Wiradhuri	wrh	wira1262	True
Wipi	gdr	wipi1242	True
Wintu	wit	wint1259	True
Wik-Ngathana	wig	wikn1245	True
Wichí Lhamtés Vejoz	wlv	wich1263	True
Wichita	wic	wich1260	True
Whitesands	tnp	whit1269	True
Westphalic	wep	west2356	True
Western Xiangxi Miao	mmr	west2430	True
Western Tlacolula Valley Zapotec	zab	sanj1284	True
Western Tamang	tdg	west2415	True
Western Subanon	suc	west2557	True
Western Puroik	NOCODE_Western-Puroik	west2873	True
Western Parbate Kham	kjl	west2420	True
Western Pantar	lev	lamm1241	True
Western Panjabi	pnb	west2386	True
Western Ojibwa	ojw	west1510	True
Western Neo-Aramaic	amw	west2763	True
Western Minyag	wmg	west2417	True
Western Keres	kjq	west2632	True
Western Karaboro	kza	west2466	True
Western Juxtlahuaca Mixtec	jmx	west2643	True
Western Huasteca Nahuatl	nhw	west2624	True
Western Highland Chatino	ctp	west2644	True
Western Frisian	fry	west2354	True
Western Fijian	wyy	west2519	True
Western Farsi	pes	west2369	True
Western Dani	dnw	west2594	True
Western Cham	cja	west2650	True
Western Bukidnon Manobo	mbb	west2555	True
Western Bru	brv	west2397	True
Western Balochi	bgn	west2368	True
Western Arrarnta	are	west2441	True
Western Armenian	hyw	homs1234	True
Western Apache	apw	west2615	True
Western Abenaki	abe	west2630	True
West Yugur	ybe	west2402	True
West Tarangan	txn	west2538	True
West Makian	mqs	west2600	True
West Kewa	kew	west2599	True
West Damar	drn	west2548	True
West Coast Bajau	bdr	west2560	True
West Central Oromo	gaz	west2721	True
West Berawan	zbw	west2564	True
Wersing	kvw	wers1238	True
Weri	wer	weri1253	True
Welsh	cym	wels1247	True
Welsh Romani	rmw	wels1246	True
Wedau	wed	weda1241	True
Wayuu	guc	wayu1243	True
Wayana	way	waya1269	True
Wawa	www	wawa1246	True
Waurá	wau	waur1244	True
Watam	wax	wata1253	True
Waskia	wsk	wask1241	True
Washo	was	wash1253	True
Warungu	wrg	waru1264	True
Warrwa	wwr	warr1258	True
Warray	wrz	wara1290	True
Warluwara	wrb	warl1256	True
Warlpiri	wbp	warl1254	True
Waris	wrs	wari1266	True
Wari'	pav	wari1268	True
Warembori	wsa	ware1253	True
Wardaman	wrr	ward1246	True
Waray (Philippines)	war	wara1300	True
Warao	wba	wara1303	True
Wara	wbf	wara1292	True
War-Jaintia	aml	warj1242	True
Wappo	wao	wapp1239	True
Wapishana	wap	wapi1253	True
Wapan	juk	wapa1235	True
Waorani	auc	waor1240	True
Wantoat	wnc	want1252	True
Wano	wno	wano1243	True
Wangaaybuwan-Ngiyambaa	wyb	wang1291	True
Wanga	lwg	wang1294	True
Waneci	wne	wane1241	True
Wandarang	wnd	wand1263	True
Wandamen	wad	wand1267	True
Wandala	mfi	wand1278	True
Wanam Yelmek	NOCODE_Wanam	wana1273	True
Wampanoag	wam	wamp1249	True
Wamey	cou	wame1240	True
Wambule	wme	wamb1257	True
Wambon	wms	wamb1259	True
Wambayan	wmb	wamb1258	True
Walmajarri	wmt	walm1241	True
Wallisian	wls	wall1257	True
Wala	lgl	wala1266	True
Waiwai	waw	waiw1244	True
Waimiri-Atroari	atr	waim1253	True
Waima'a	wmh	waim1252	True
Waima	rro	waim1251	True
Wailaki	wlk	wail1244	True
Waigeo	wgo	waig1244	True
Wahgi	wgi	nucl1620	True
Wageman	waq	wage1238	True
Wagdi	wbr	wagd1238	True
Wagaya	wga	waga1260	True
Wadjiginy	wdj	wadj1254	True
Waata	ssn	waat1238	True
Vwanji	wbi	vwan1235	True
Vute	vut	vute1244	True
Vurës	msn	vure1239	True
Vunjo	vun	vunj1238	True
Vlax Romani	rmy	vlax1238	True
Virgin Islands Creole English	vic	virg1240	True
Vinza	vin	vinz1238	True
Vera'a	vra	vera1241	True
Ventureño	veo	vent1242	True
Vengo	bav	veng1238	True
Venetian	vec	vene1258	True
Venda	ven	vend1245	True
Varhadi-Nagpuri	vah	varh1239	True
Vanimo	vam	vani1248	True
Vamale	mkt	vama1243	True
Vaiphei	vap	vaip1239	True
Vagla	vag	vagl1239	True
Vaghri	vgr	vagh1246	True
Vafsi	vaf	vafs1240	True
Vaeakau-Taumako	piv	pile1238	True
Vach-Vasjugan	NOCODE_Vach-Vasjugan	fare1244	True
Vaagri Booli	vaa	vaag1238	True
Uzbeki Arabic	auz	uzbe1248	True
Ute-Southern Paiute	ute	utes1238	True
Ut-Main	gel	kagf1238	True
Usarufa	usa	usar1243	True
Usan	wnu	usan1239	True
Urubú-Kaapor	urb	urub1250	True
Uru	ure	uruu1244	True
Uripiv-Wala-Rano-Atchin	upv	urip1239	True
Urim	uri	urim1252	True
Urhobo	urh	urho1239	True
Urdu	urd	urdu1245	True
Urat	urt	urat1244	True
Urarina	ura	urar1246	True
Urak Lawoi'	urk	urak1238	True
Ura (Vanuatu)	uur	urav1235	True
Upper Taromi	tov	uppe1235	True
Upper Tanana	tau	uppe1437	True
Upper Sorbian	hsb	uppe1395	True
Upper Necaxa Totonac	tku	uppe1275	True
Upper Kinabatangan	dmg	uppe1427	True
Upper Guinea Crioulo	pov	uppe1455	True
Upper Chinookan	wac	wasc1239	True
Upper Chehalis	cjh	uppe1439	True
Unua	onu	unua1237	True
Unserdeutsch	uln	unse1236	True
Uneapa	bbn	unea1237	True
Unami	unm	unam1242	True
Una	mtg	unaa1239	True
Umiray Dumaget Agta	due	umir1236	True
Umbuygamu	umg	umbu1256	True
Umbundu	umb	umbu1257	True
Umbugarla	umr	umbu1235	True
Umbu-Ungu	ubu	umbu1258	True
Umbrian	xum	umbr1253	True
Umatilla	uma	umat1237	True
Umanakaina	gdn	uman1240	True
Ulwa	ulw	ulwa1239	True
Ulwa (Papua New Guinea)	yla	yaul1241	True
Ulithian	uli	ulit1238	True
Ukrainian	ukr	ukra1253	True
Ukaan	kcf	ukaa1243	True
Uighur	uig	uigh1240	True
Ugong	ugo	ugon1239	True
Ughele	uge	ughe1237	True
Ugaritic	uga	ugar1238	True
Uduk	udu	uduk1239	True
Udmurt	udm	udmu1245	True
Udi	udi	udii1243	True
Ubykh	uby	ubyk1235	True
Ubir	ubr	ubir1237	True
U	uuu	uuuu1243	True
Tübatulabal	tub	tuba1278	True
Tzotzil	tzo	tzot1259	True
Tzeltal	tzh	tzel1254	True
Tz'utujil	tzj	tzut1248	True
Tyap	kcg	tyap1238	True
Tweed-Albert	xjb	twee1234	True
Twana	twa	twan1247	True
Tuwuli	bov	tuwu1238	True
Tuwali Ifugao	ifk	tuwa1243	True
Tuvinian	tyv	tuvi1240	True
Tuvalu	tvl	tuva1244	True
Tututni	tuu	tutu1242	True
Tutsa Naga	tvt	tuts1235	True
Tutelo	tta	tute1247	True
Tuscarora	tus	tusc1257	True
Turung	try	turu1249	True
Turkmen	tuk	turk1304	True
Turkish	tur	nucl1301	True
Turkana	tuv	turk1308	True
Tuparí	tpr	tupa1250	True
Tunni	tqq	tunn1238	True
Tunisian-Zuwara Berber	NOCODE_Tunisian-Zuwara	tuni1262	True
Tunisian Arabic	aeb	tuni1259	True
Tunica	tun	tuni1252	True
Tungag	lcm	tung1290	True
Tunen	tvu	tune1261	True
Tundra Nenets	yrk	nene1249	True
Tumbuka	tum	tumb1250	True
Tule-Kaweah Yokuts	NOCODE_Tule-Kaweah	tule1245	True
Tula	tul	tula1252	True
Tuki	bag	tuki1240	True
Tukang Besi North	khc	tuka1248	True
Tugun	tzn	tugu1245	True
Tugen	tuy	tuge1241	True
Tucano	tuo	tuca1252	True
Tswana	tsn	tswa1253	True
Tswa	tsc	tswa1255	True
Tsuvadi	tvd	tsuv1239	True
Tsou	tsu	tsou1248	True
Tsonga	tso	tson1249	True
Tshobdun	NOCODE_Tshobdun	tsho1240	True
Tshangla	tsj	tsha1245	True
Tsez	ddo	dido1241	True
Tsat	huq	tsat1238	True
Tsakonian	tsd	tsak1248	True
Tsakhur	tkr	tsak1249	True
Tsafiki	cof	colo1256	True
Ts'ixa	NOCODE_Tsixa	tsix1234	True
Trumai	tpy	trum1247	True
Trió	tri	trio1238	True
Trinidadian Creole English	trf	trin1276	True
Towa	tow	jeme1245	True
Touo	tqu	touo1238	True
Totontepec Mixe	mto	toto1305	True
Toto	txo	toto1302	True
Totela	ttl	tote1238	True
Torwali	trw	torw1241	True
Toro So Dogon	dts	toro1252	True
Torau	ttu	tora1259	True
Toposa	toq	topo1242	True
Tonsawang	tnw	tons1239	True
Tonkawa	tqw	tonk1249	True
Tonga (Zambia)	toi	tong1318	True
Tonga (Tonga Islands)	ton	tong1325	True
Tondi Songway Kiini	tst	tond1249	True
Tondano	tdn	tond1251	True
Tomo Kan Dogon	dtm	tomo1243	True
Tommo So Dogon	dto	tomm1242	True
Tombonuo	txa	tomb1244	True
Tolowa-Chetco	tol	tolo1259	True
Tolomako	tlm	tolo1255	True
Tol	jic	toll1241	True
Tokelau	tkl	toke1240	True
Tok Pisin	tpi	tokp1240	True
Tojolabal	toj	tojo1241	True
Tohono O'odham	ood	toho1245	True
Tocantins Asurini	asu	toca1235	True
Tobelo	tlb	tobe1252	True
Tobati	tti	toba1266	True
Tobagonian Creole English	tgh	toba1282	True
Toba	tob	toba1269	True
Toaripi	tqo	toar1246	True
To'abaita	mlu	toab1237	True
Tlingit	tli	tlin1245	True
Tlaxcala-Puebla-Central Nahuatl	nhn	cent2132	True
Tlahuitoltepec Mixe	mxp	tlah1239	True
Tlachichilco Tepehua	tpt	tlac1235	True
Tiwi	tiw	tiwi1244	True
Tiwa (India)	lax	tiwa1253	True
Tiv	tiv	tivv1240	True
Titan	ttv	tita1241	True
Tirma-Chai	suq	suri1267	True
Tiri-Mea	cir	tiri1258	True
Tirax	mme	maee1241	True
Tiranige Diga Dogon	tde	tira1258	True
Tirahi	tra	tira1253	True
Tira	tic	tira1254	True
Tipai	dih	kumi1248	True
Tinà Sambal	xsb	tina1248	True
Tinani	lbf	tina1246	True
Timugon Murut	tih	timu1262	True
Timucua	tjm	timu1245	True
Timne	tem	timn1235	True
Tima	tms	tima1241	True
Tilung	tij	tilu1238	True
Tillamook	til	till1254	True
Tikopia	tkp	tiko1237	True
Tikhak	NOCODE_Tikhak	tikh1243	True
Tigrinya	tir	tigr1271	True
Tigre	tig	tigr1270	True
Tigon Mbembe	nza	tigo1236	True
Tigak	tgc	tiga1245	True
Tifal	tif	tifa1245	True
Tiene	tii	tien1242	True
Tiefo-Nyafogo-Numudara	NOCODE_Tiefo-Nyafogo-Numudara	tief1244	True
Tidore	tvo	tido1248	True
Ticuna	tca	ticu1245	True
Tibetan	bod	tibe1272	True
Thulung	tdh	thul1246	True
Thompson	thp	thom1243	True
Thayore	thd	thay1249	True
Thavung	thm	aheu1239	True
Tharaka	thk	thar1283	True
Thao	ssf	thao1240	True
Thangmi	thf	than1259	True
Thangal Naga	nki	than1255	True
Thai	tha	thai1261	True
Thado Chin	tcz	thad1238	True
Texistepec Popoluca	poq	texi1237	True
Tetun Dili	tdt	tetu1246	True
Tetum	tet	tetu1245	True
Tetelcingo Nahuatl	nhg	tete1251	True
Teso	teo	teso1249	True
Ternateño	tmg	tern1248	True
Ternate	tft	tern1247	True
Termanu	twu	term1237	True
Teribe	tfr	teri1250	True
Terena-Kinikinao-Chane	ter	tere1279	True
Terei	buo	tere1278	True
Tera	ttr	tera1251	True
Tequistlateco Chontal	NOCODE_Tequistlateco-Chontal	tequ1245	True
Tepeuxila Cuicatec	cux	tepe1280	True
Tepetotutla Chinantec	cnt	tepe1279	True
Tepecano	tep	tepe1278	True
Teop	tio	teop1238	True
Tennet	tex	tenn1246	True
Tenharim-Parintintin-Diahoi	pah	tenh1241	True
Tengou-Togo Dogon	dtk	tene1248	True
Tengger	tes	teng1272	True
Tenetehara	tqb	temb1276	True
Tena Lowland Quichua	quw	tena1240	True
Temiar	tea	temi1246	True
Temi	soz	temi1247	True
Telefol	tlf	tele1256	True
Teiwa	twe	teiw1235	True
Tehuelche	teh	tehu1242	True
Tehit	kps	tehi1237	True
Tedim Chin	ctd	tedi1235	True
Tebul Ure Dogon	dtu	tebu1239	True
Teanu	tkw	tean1237	True
Tboli	tbl	tbol1240	True
Tayart Tamajeq	thz	taya1257	True
Tawra	mhu	diga1241	True
Tawallammat Tamajaq	ttq	tawa1286	True
Tawala	tbo	tawa1275	True
Tauya	tya	tauy1241	True
Tausug	tsg	taus1251	True
Taulil	tuh	taul1251	True
Tatuyo	tav	tatu1247	True
Tatana	txx	tata1257	True
Tataltepec Chatino	cta	tata1258	True
Tasawaq	twq	tasa1240	True
Tarok	yer	taro1263	True
Tarifiyt-Beni-Iznasen-Eastern Middle Atlas Berber	rif	tari1263	True
Tariana	tae	tari1256	True
Tarao	tro	tara1313	True
Tapieté	tpj	tapi1253	True
Taos Northern Tiwa	twf	nort1550	True
Tanzanian Ngoni	xnj	tanz1241	True
Tanimuca-Retuarã	tnc	tani1257	True
Tangut	txg	tang1334	True
Tangam	NOCODE_Tangam	tang1377	True
Tangale	tan	nucl1696	True
Tanaina	tfn	tana1289	True
Tanacross	tcb	tana1290	True
Tamil	tam	tami1289	True
Tamasheq	taq	tama1365	True
Tamambo	mla	malo1243	True
Talise	tlr	tali1259	True
Talaud	tld	tala1285	True
Talaandig-Binukid	bkd	binu1244	True
Takuu	nho	taku1257	True
Takia	tbc	taki1248	True
Takestani	tks	take1255	True
Takelma	tkm	take1257	True
Tajio	tdj	taji1246	True
Tajik	tgk	taji1245	True
Taita	dav	tait1250	True
Tainae	ago	tain1253	True
Taiap	gpn	taia1239	True
Tai Laing	tjl	tail1248	True
Tai Dam	blt	taid1247	True
Tahltan	tht	tahl1239	True
Tahitian	tah	tahi1242	True
Tahaggart Tamahaq	thv	taha1241	True
Tagoi	tag	tago1246	True
Tagin	tgj	tagi1241	True
Tagdal	tda	tagd1238	True
Tagbanwa	tbw	tagb1258	True
Tagalog	tgl	taga1270	True
Tagabawa	bgs	taga1272	True
Tafi	tcd	tafi1243	True
Tadaksahak	dsq	tada1238	True
Tachelhit	shi	tach1250	True
Tabo	knv	tabo1241	True
Tabla	tnm	tabl1243	True
Tabasco Chontal	chf	taba1266	True
Tabaru	tby	taba1263	True
Ta'izzi-Adeni Arabic	acq	taiz1242	True
T'apo	lgn	opuu1239	True
Sô	sss	sooo1254	True
Sãotomense	cri	saot1239	True
Sylheti	syl	sylh1242	True
Sydney	xdk	sydn1236	True
Syan	NOCODE_Syan	syan1242	True
Swedish	swe	swed1254	True
Swati	ssw	swat1243	True
Swampy Cree	csw	swam1239	True
Swahili	swh	swah1253	True
Swabian	swg	swab1242	True
Svan	sva	svan1243	True
Sursurunga	sgz	surs1246	True
Supyire Senoufo	spp	supy1237	True
Sunwar	suz	sunw1242	True
Sundanese	sun	sund1252	True
Sumi Naga	nsm	sumi1235	True
Sumerian	sux	sume1241	True
Sumbawa	smw	sumb1241	True
Sumayela Ndebele	NOCODE_Sumayela-Ndebele	sout2808	True
Sulka	sua	sulk1246	True
Sula	szn	sula1248	True
Sukur	syk	suku1272	True
Suena	sue	suen1241	True
Sudest	tgo	sude1239	True
Sudanese Creole Arabic	pga	suda1237	True
Sudanese Arabic	apd	suda1236	True
Sud Oranais-Gourara	grr	tazn1238	True
Subtiaba	sut	subt1250	True
Subiya	sbs	subi1246	True
Suba-Simbiti	ssc	suba1252	True
Suba	sxb	suba1238	True
Suabo	szp	suab1238	True
Stoney	sto	ston1242	True
Stod Bhoti	sbu	stod1241	True
Stau-Dgebshes	ero	horp1239	True
Standard Malay	zsm	stan1306	True
Standard Indonesian	ind	indo1316	True
Standard Arabic	arb	stan1318	True
Sri Lanka Malay	sci	sril1245	True
Sranan Tongo	srn	sran1240	True
Squamish	squ	squa1248	True
Spokane	spo	spok1245	True
Spiti Bhoti	spt	spit1240	True
Spanish	spa	stan1288	True
Southwestern Dinka	dik	sout2832	True
Southwestern Dargwa	NOCODE_Southwestern-Dargwa	sout3261	True
Southwest Tanna	nwi	sout2869	True
Southern-Coastal Tsimshian	tsi	nucl1649	True
Southern Yukaghir	yux	sout2750	True
Southern Tutchone	tce	sout2957	True
Southern Tiwa	tix	sout2961	True
Southern Tangkhul Naga	NOCODE_Southern-Tangkhul	khan1277	True
Southern Sotho	sot	sout2807	True
Southern Sierra Miwok	skd	sout2985	True
Southern Sama	ssb	sout2918	True
Southern Rengma Naga	nre	sout2732	True
Southern Qiang	qxs	sout2728	True
Southern Pumi	pmj	sout2729	True
Southern Puget Sound Salish	slh	sout2965	True
Southern Pomo	peq	sout2984	True
Southern Pashto	pbt	sout2649	True
Southern Pame	pmz	sout2999	True
Southern Nambikuára	nab	sout2994	True
Southern Kiwai	kjd	sout2949	True
Southern Kisi	kss	sout2778	True
Southern Jinghpaw	kac	kach1280	True
Southern Haida	hax	sout2956	True
Southern Gumuz	NOCODE_Southern-Gumuz	sout3236	True
Southern Grebo	grj	sout2826	True
Southern Ghale	ghe	sout2715	True
Southern Dong	kmc	sout2741	True
Southern Bobo Madaré	bwq	sout2840	True
Southern Balochi	bcc	sout2642	True
Southern Bai	bfs	sout2730	True
Southern Aymara	ayc	sout2996	True
Southern Alta	agy	sout2905	True
Southeastern Tepehuan	stp	sout2976	True
Southeastern Pomo	pom	sout2982	True
Southeastern Kolami	nit	sout1549	True
Southeast Pashayi	psi	sout2672	True
Southeast Ambrym	tvk	sout2859	True
South-Eastern Ju	ktz	juho1239	True
South-Central Koongo	kng	koon1244	True
South Wa	prk	para1301	True
South Nuaulu	nxl	sout2895	True
South Levantine Arabic	ajp	sout3123	True
South Efate	erk	sout2856	True
South Azerbaijani	azb	sout2697	True
Sougb	mnx	mani1235	True
Sorkhei	sqo	sork1239	True
Sora	srb	sora1254	True
Soqotri	sqt	soqo1240	True
Soo	teu	sooo1256	True
Sonsorol	sov	sons1242	True
Somali	som	soma1255	True
Solu-Khumbu Sherpa	xsr	sher1255	True
Soli	sby	soli1239	True
Soic	soj	soii1239	True
Sogdian	sog	sogd1245	True
Soga	xog	soga1242	True
Sochiapam Chinantec	cso	soch1239	True
Sobei	sob	sobe1238	True
So (Democratic Republic of Congo)	soc	sode1235	True
Slovenian	slv	slov1268	True
Slovak	slk	slov1269	True
Skou	skv	nucl1634	True
Skolt Sami	sms	skol1241	True
Siyin Chin	csy	siyi1240	True
Siwu	akp	siwu1238	True
Siwi	siz	siwi1239	True
Siwai	siw	siwa1245	True
Siuslaw	sis	sius1254	True
Situ	tzi	situ1238	True
Sisiqa	NOCODE_Sisiqa	sisi1250	True
Sirva	sbq	sile1255	True
Siroi	ssd	siro1249	True
Sirionó	srq	siri1273	True
Siraya	fos	sira1267	True
Sirajic	NOCODE_Sirajic	sira1263	True
Sipacapense	qum	sipa1247	True
Siona-Tetete	snn	sion1247	True
Sio	xsi	sioo1240	True
Sinte-Manus Romani	rmo	sint1235	True
Sinhala	sin	sinh1246	True
Sindhi	snd	sind1272	True
Sinaugoro	snc	sina1266	True
Simte	smt	simt1238	True
Simbo	sbb	simb1256	True
Silt'e	stv	silt1240	True
Silacayoapan Mixtec	mks	sila1250	True
Siksika	bla	siks1238	True
Sikkimese	sip	sikk1242	True
Sikaiana	sky	sika1261	True
Sika	ski	sika1262	True
Sierra de Juárez Zapotec	zaa	sier1250	True
Sie	erg	siee1239	True
Sidamo	sid	sida1246	True
Sicilian	scn	sici1248	True
Sichuan Yi	iii	sich1238	True
Siar-Lak	sjr	siar1238	True
Siane	snp	sian1257	True
Siamou	sif	siam1242	True
Shwe Palaung	pll	shwe1236	True
Shuswap	shs	shus1248	True
Shughni	sgh	shug1248	True
Shua	shg	shua1254	True
Shoshoni	shh	shos1248	True
Shona	sna	shon1251	True
Sholaga	sle	shol1240	True
Shixing	sxg	shix1238	True
Shipibo-Conibo	shp	ship1254	True
Shilluk	shk	shil1265	True
Shihhi Arabic	ssh	shih1239	True
Shi	shr	shii1238	True
Sherdukpen	sdp	sher1257	True
Sherbro	bun	sher1258	True
Sheko	she	shek1245	True
Shekhawati	swv	shek1243	True
Shawnee	sjw	shaw1249	True
Shawi	cbt	chay1248	True
Shatt	shj	shat1244	True
Shasta	sht	shas1239	True
Shambala	ksb	sham1280	True
Shahrudi	shm	shah1254	True
Shabo	sbf	shab1252	True
Seze	sze	seze1235	True
Severn Ojibwa	ojs	seve1240	True
Seselwa Creole French	crs	sese1246	True
Serudung Murut	srk	seru1246	True
Serrano	ser	serr1255	True
Seri	sei	seri1257	True
Sereer	srr	sere1260	True
Serbian-Croatian-Bosnian	hbs	sout1528	True
Senthang Chin	sez	sent1260	True
Sentani	set	nucl1632	True
Senhaja De Srair	sjs	senh1238	True
Seneca	see	sene1264	True
Senari	sef	ceba1235	True
Sena	seh	nucl1396	True
Semnani	smy	semn1249	True
Semelai	sza	seme1247	True
Semaq Beri	szc	sema1265	True
Semai	sea	sema1266	True
Selkup	sel	selk1253	True
Selk'nam	ona	onaa1245	True
Selepet	spl	sele1250	True
Selee	snw	sele1249	True
Selayar	sly	sela1260	True
Selaru	slu	sela1259	True
Sekpele	lip	sekp1241	True
Seke (Vanuatu)	ske	seke1241	True
Seimat	ssg	seim1238	True
Seediq	trv	taro1264	True
Sedang	sed	seda1262	True
Sechelt	sec	sech1246	True
Sebat Bet Gurage	sgw	seba1251	True
Scottish Gaelic	gla	scot1245	True
Sayula Popoluca	pos	sayu1241	True
Sawila	swt	sawi1256	True
Sawai	szw	sawa1247	True
Savosavo	svs	savo1255	True
Sauria Paharia	mjt	saur1249	True
Sauraseni Prakrit	psu	saur1252	True
Satawalese	stw	sata1237	True
Sasak	sas	sasa1249	True
Sarsi	srs	sars1236	True
Sarikoli	srh	sari1246	True
Sarangani Manobo	mbs	sara1327	True
Saramaccan	srm	sara1340	True
Saraiki	skr	sera1259	True
Sara Kaba Náà	kwv	sara1321	True
Sapuan	spu	sapu1248	True
Saposa	sps	sapo1253	True
Santali	sat	sant1410	True
Santa María Quiegolani Zapotec	zpi	sant1451	True
Sanskrit	san	sans1269	True
Sansi	ssi	sans1271	True
Sankaran Maninka	msc	sank1253	True
Saniyo-Hiyewe	sny	sani1270	True
Sangtam Naga	nsa	sang1321	True
Sango	sag	sang1328	True
Sangisari	sgr	sang1315	True
Sanga (Democratic Republic of Congo)	sng	sang1331	True
Sanapaná	spn	sana1298	True
Sanaani Arabic	ayn	sana1295	True
San Miguel El Grande Mixtec	mig	sanm1295	True
San Francisco del Mar Huave	hue	sanf1258	True
San Felipe Otlaltepec Popoloca	pow	sanf1264	True
San Dionisio del Mar Huave	hve	sand1278	True
San Blas Kuna	cuk	sanb1242	True
San Andres Creole English	icr	sana1297	True
Samoan	smo	samo1305	True
Samburu	saq	samb1315	True
Sambalpuri	spv	samb1325	True
Samba Daka	ccg	samb1311	True
Samaritan	smp	sama1313	True
Salt-Yui	sll	salt1242	True
Salka-Tsishingini	tsw	tsis1238	True
Salinan	sln	sali1253	True
Saliba	sbe	sali1295	True
Sakizaya	szy	saki1247	True
Sakha	sah	yaku1245	True
Sakao	sku	saka1289	True
Sajalong	sjl	saja1240	True
Saisiyat	xsy	sais1237	True
Saint Lucian Creole French	acf	sain1246	True
Saidi Arabic	aec	said1239	True
Sahu	saj	sahu1245	True
Saho	ssy	saho1246	True
Sagalla	tga	saga1262	True
Safwa	sbk	safw1238	True
Safaliba	saf	safa1243	True
Sadu	NOCODE_Sadu	sadu1234	True
Sadri	sck	sadr1248	True
Sacapulteco	quv	saca1238	True
Sabanê	sae	saba1268	True
Sabaic	xsa	saba1279	True
Sabah Malay	msi	saba1263	True
Saaroa	sxr	saar1237	True
Saamia	lsm	saam1283	True
Saafi-Saafi	sav	saaf1238	True
Sa'a	apb	saaa1240	True
Sa	sax	saaa1241	True
S'gaw Karen	ksw	sgaw1245	True
Rwa	rwk	rwaa1238	True
Ruund	rnd	ruun1238	True
Ruuli	ruc	ruul1235	True
Rutul	rut	rutu1240	True
Rusyn	rue	rusy1239	True
Russian	rus	russ1263	True
Rungus	drg	rung1259	True
Rundi	run	rund1242	True
Rumu	klq	rumu1243	True
Rukai	dru	ruka1240	True
Ruga	ruh	ruga1238	True
Ruching Palaung	pce	ruch1235	True
Roviana	rug	rovi1238	True
Rotuman	rtm	rotu1241	True
Rotokas	roo	roto1249	True
Rongpo	rnp	rong1264	True
Rongmei Naga	nbu	rong1266	True
Romblomanon	rol	romb1245	True
Romansh	roh	roma1326	True
Romanian	ron	roma1327	True
Romagnol	rgn	roma1328	True
Riuk Bekati'	bei	beka1241	True
Ritarungo	rit	rita1239	True
Rio Grande Tewa	tew	tewa1260	True
Riantana	ran	rian1263	True
Reta	ret	rett1240	True
Resígaro	rgr	resi1247	True
Reshe	res	resh1242	True
Rerep	pgk	rere1240	True
Rennell-Bellona	mnv	renn1242	True
Rengao	ren	reng1252	True
Rendille	rel	rend1243	True
Rembong-Wangka	reb	remb1250	True
Rembarunga	rmb	remb1249	True
Rejang	rej	reja1240	True
Rejang Kayan	ree	reja1241	True
Reel	atu	reel1238	True
Rayón Zoque	zor	rayo1235	True
Rawat	jnl	rawa1264	True
Rawang	raw	rawa1265	True
Rawa	rwo	rawa1267	True
Ravula	yea	ravu1237	True
Raute	rau	raut1239	True
Ratahan	rth	rata1244	True
Rarotongan	rar	raro1241	True
Rapanui	rap	rapa1244	True
Rangpuri	rkt	rang1265	True
Rangkas	rgk	rang1266	True
Rana Tharu	thr	rana1246	True
Ramoaaina	rai	ramo1244	True
Rama	rma	rama1270	True
Rakahanga-Manihiki	rkh	raka1237	True
Raji	rji	raji1240	True
Rajbanshi	rjs	rajb1243	True
Rabha	rah	rabh1238	True
Quiotepec Chinantec	chq	quio1240	True
Quileute	qui	quil1240	True
Quechan	yum	quec1382	True
Quapaw	qua	quap1242	True
Qimant	ahg	qima1242	True
Qashqa'i	qxq	qash1240	True
Qaqet	byx	qaqe1238	True
Q'anjob'al	kjb	qanj1241	True
Pökoot	pko	poko1263	True
Päri	lkr	pari1256	True
Páez	pbb	paez1247	True
Pwo Western Karen	pwo	pwow1235	True
Pwo Eastern Karen	kjp	pwoe1235	True
Puyuma	pyu	puyu1239	True
Purum	pub	puru1266	True
Purik-Sham-Nubra	prx	puri1258	True
Purari	iar	pura1257	True
Puma	pum	puma1239	True
Puluwatese	puw	pulu1242	True
Pular	fuf	pula1262	True
Pukapuka	pkp	puka1242	True
Psikye	kvj	psik1239	True
Principense	pre	prin1242	True
Prasun	prn	pras1239	True
Pouye	bye	pouy1238	True
Poumei Naga	pmx	poum1235	True
Potawatomi	pot	pota1247	True
Portuguese	por	port1283	True
Port Sandwich	psw	port1285	True
Poqomchi'	poh	poqo1254	True
Poqomam	poc	poqo1253	True
Popti'	jac	popt1235	True
Pondi	lnm	lang1328	True
Polish	pol	poli1260	True
Polabian	pox	pola1255	True
Pohnpeian	pon	pohn1238	True
Pnar	pbv	pnar1238	True
Plautdietsch	pdt	plau1238	True
Plateau Malagasy	plt	plat1254	True
Plains Cree	crk	plai1258	True
Pitjantjatjara	pjt	pitj1243	True
Pite Sami	sje	pite1240	True
Piscataway	psy	pisc1239	True
Pirahã	myp	pira1253	True
Pipil	ppl	pipi1250	True
Pintiini	pti	pint1251	True
Pinotepa Nacional Mixtec	mio	pino1237	True
Pingelapese	pif	ping1243	True
Pimbwe	piw	pimb1238	True
Pima Bajo	pia	pima1248	True
Pilagá	plg	pila1245	True
Pijin	pis	piji1239	True
Picuris Northern Tiwa	NOCODE_Picuris-Northern-Tiwa	picu1248	True
Pichi	fpe	fern1234	True
Piaroa	pid	piar1243	True
Piapoco	pio	piap1246	True
Phrygian	xpg	phry1239	True
Phong-Kniang	pnx	phon1246	True
Phom Naga	nph	phom1236	True
Phoenician	phn	phoe1239	True
Phake	phk	phak1238	True
Pfaelzisch	pfl	pala1330	True
Peve	lme	peve1243	True
Pero	pip	pero1241	True
Peranakan Indonesian	pea	pera1256	True
Penrhyn	pnh	penr1237	True
Pennsylvania German	pdc	penn1240	True
Pendau	ums	pend1242	True
Penange	NOCODE_Penange	pena1270	True
Pele-Ata	ata	pele1245	True
Pedi	nso	pedi1238	True
Pech	pay	pech1241	True
Pazeh	pzh	kulo1237	True
Pawnee	paw	pawn1254	True
Paumarí	pad	paum1247	True
Patwin	pwi	patw1250	True
Pattani	lae	patt1248	True
Patpatar	gfk	patp1243	True
Pass Valley Yali	yac	pass1247	True
Pará Arára	aap	para1310	True
Parecís	pab	pare1272	True
Paraguayan Guaraní	gug	para1311	True
Parachi	prc	para1299	True
Papuan Malay	pmy	papu1250	True
Papiamento	pap	papi1253	True
Papar	dpp	papa1268	True
Papapana	ppn	papa1265	True
Panytyima	pnw	pany1241	True
Pangwa Naga	nst	tase1235	True
Pangutaran Sama	slm	pang1291	True
Pangasinan	pag	pang1290	True
Panará	kre	pana1307	True
Panare	pbh	enap1235	True
Panamint	par	pana1305	True
Pampanga	pam	pamp1243	True
Pamosu	hih	pamo1253	True
Paluai	blq	balu1257	True
Palikúr	plu	pali1279	True
Pali	pli	pali1273	True
Palenquero	pln	pale1260	True
Palauan	pau	pala1344	True
Palantla Chinantec	cpa	pala1351	True
Paiwan	pwn	paiw1248	True
Paite Chin	pck	pait1244	True
Paisaci Prakrit	qpp	pais1238	True
Paipai	ppi	paip1241	True
Pahlavi	pal	pahl1241	True
Pahari Newari	phj	paha1257	True
Pagu	pgu	pagu1249	True
Pagibete	pae	pagi1243	True
Pacoh	pac	paco1243	True
Pacific Gulf Yupik	ems	paci1278	True
Paasaal	sig	paas1238	True
Paama	pma	paam1238	True
Paakantyi	drl	darl1243	True
Pa'a	pqa	paaa1242	True
Ozolotepec Zapotec	zao	ozol1235	True
Oyda	oyd	oyda1235	True
Owa	stn	owaa1237	True
Otuho	lot	otuh1238	True
Ottawa	otw	otta1242	True
Otoro	otr	otor1240	True
Ot Danum	otd	otda1235	True
Ostfränkisch	vmf	main1267	True
Osage	osa	osag1243	True
Orya	ury	orya1242	True
Orowe	bpk	orow1242	True
Oroko	bdu	orok1266	True
Oroha	ora	oroh1237	True
Ormuri	oru	ormu1247	True
Ormu	orz	ormu1248	True
Orma	orc	orma1241	True
Oriya	ory	oriy1255	True
Onondaga	ono	onon1246	True
Ongota	bxe	bira1253	True
Oneida	one	onei1249	True
Omi	omi	omii1238	True
Omani Arabic	acx	oman1239	True
Omaha-Ponca	oma	omah1247	True
Omagua	omg	omag1248	True
Oluta Popoluca	plo	olut1240	True
Olo	ong	oloo1241	True
Olekha	ole	olek1239	True
Old Welsh	owl	oldw1239	True
Old Telugu	NOCODE_Old-Telugu	oldt1249	True
Old Saxon	osx	olds1250	True
Old Russian	orv	oldr1238	True
Old Prussian	prg	prus1238	True
Old Provençal	pro	oldp1253	True
Old Persian (ca. 600-400 B.C.)	peo	oldp1254	True
Old Nubian	onw	oldn1245	True
Old Norse	non	oldn1244	True
Old Mon	omx	oldm1242	True
Old Marathi	omr	oldm1244	True
Old Malay	NOCODE_Old-Malay	oldm1243	True
Old Latin	qbb	oldl1238	True
Old Khmer	qok	oldk1249	True
Old Kannada	qkn	oldk1250	True
Old Japanese	ojp	oldj1239	True
Old High German (ca. 750-1050)	goh	oldh1241	True
Old Georgian	oge	oldg1234	True
Old Frisian	ofs	oldf1241	True
Old French (842-ca. 1400)	fro	oldf1239	True
Old English (ca. 450-1100)	ang	olde1238	True
Old Chinese	och	oldc1244	True
Oku	oku	okuu1243	True
Oksapmin	opm	oksa1245	True
Okolie	oie	okol1243	True
Oko-Eni-Osayen	oks	okoe1238	True
Okiek	oki	okie1245	True
Oki-No-Erabu	okn	okin1246	True
Okanagan	oka	okan1243	True
Oirata	oia	oira1263	True
Ogea	eri	ogea1238	True
Ogbronuagum	ogu	ogbr1243	True
Ogbia	ogb	ogbi1239	True
Odual	odu	odua1238	True
Odoodee	kkc	odoo1238	True
Ocotepec Mixtec	mie	ocot1243	True
Occitan	oci	occi1239	True
Obolo	ann	obol1243	True
Obokuitai	afz	obok1239	True
Obdorsk Khanty	NOCODE_Obdorsk-Khanty	obdo1234	True
N||ng	ngh	nngg1234	True
Nzima	nzi	nzim1238	True
Nzanyi	nja	nzan1240	True
Nzadi	nzd	nzad1234	True
Nyulnyul	nyv	nyul1247	True
Nyoro	nyo	nyor1246	True
Nyishi-Hill Miri	njz	nyis1236	True
Nyiha (Tanzania)	nih	nyih1240	True
Nyigina	nyh	nyig1240	True
Nyaturu	rim	nyat1246	True
Nyankole	nyn	nyan1307	True
Nyanja	nya	nyan1308	True
Nyangumarta	nna	nyan1301	True
Nyangbo	nyb	nyan1302	True
Nyangatom	nnj	nyan1315	True
Nyang'i	nyp	nyan1313	True
Nyamwezi	nym	nyam1276	True
Nyambo	now	nyam1277	True
Nyam	nmi	nyam1285	True
Nyali	nlj	nyal1250	True
Nyakyusa-Ngonde	nyy	nyak1260	True
Nyahkur	cbn	nyah1250	True
Nuu-chah-nulth	nuk	nuuc1236	True
Nuristani Kalasha	wbk	waig1243	True
Nupe-Nupe-Tako	nup	nupe1254	True
Nungali	nug	nung1291	True
Nung (Myanmar)	nun	nung1282	True
Nukuoro	nkr	nuku1260	True
Nukna	klt	nukn1238	True
Nuer	nus	nuer1246	True
Nubi	kcn	nubi1253	True
Nsong-Mpiin	soo	song1299	True
Nsenga	nse	nsen1242	True
Nottoway	ntw	nott1246	True
Notsi	ncf	nots1237	True
Northwestern Ojibwa	ojb	nort2961	True
Northwestern Lingala	NOCODE_Northwestern-Lingala	nort3345	True
Northwestern Kolami	kfb	nort2699	True
Northwest Sahaptin	yak	yaki1237	True
Northwest Maidu	mjd	nort2951	True
Northwest Alaska Inupiatun	esk	nort2945	True
Northern Yukaghir	ykg	nort2745	True
Northern Uzbek	uzn	nort2690	True
Northern Tujia	tji	nort2732	True
Northern Tshwa	hio	tsoa1238	True
Northern Tosk Albanian	als	tosk1239	True
Northern Tepehuan	ntp	nort2959	True
Northern Subanen	stb	nort2885	True
Northern Straits Salish	str	stra1244	True
Northern Roglai	rog	nort2994	True
Northern Qiang	cng	nort2722	True
Northern Pumi	pmi	nort2723	True
Northern Puebla Nahuatl	ncj	nort2957	True
Northern Pomo	pej	nort2966	True
Northern Pastaza Quichua	qvz	nort2973	True
Northern Pashto	pbu	nort2646	True
Northern Pame	pmq	nort2984	True
Northern Paiute	pao	nort2954	True
Northern Mansi	mns	mans1258	True
Northern Lushootseed	lut	lush1252	True
Northern Luri	lrc	nort2645	True
Northern Kurdish	kmr	nort2641	True
Northern Khmer	kxm	nort2684	True
Northern Kankanay	xnn	nort2877	True
Northern Jinghpaw	sgp	sing1264	True
Northern Inland Yuin	NOCODE_Northern-Inland-Yuin	nort2760	True
Northern Haida	hdn	nort2938	True
Northern Gumuz	guk	gumu1244	True
Northern Gondi	gno	nort2702	True
Northern Emberá	emp	nort2972	True
Northern East Cree	crl	nort1552	True
Northern Dagara	dgi	nort2780	True
Northern Amami-Oshima	ryn	nort2935	True
Northern Alta	aqn	nort2875	True
Northeastern Thai	tts	nort2741	True
Northeast Maidu	nmu	nort2952	True
Northeast Kiwai	kiw	nort2930	True
North-Central Talysh	tly	taly1247	True
North-Central Ju	knw	kung1261	True
North-Central Dargwa	dar	darg1241	True
North Tanna	tnn	nort2847	True
North Tairora	tbg	nort2920	True
North Slavey	scs	nort2942	True
North Moluccan Malay	max	nort2828	True
North Mesopotamian Arabic	ayp	nort3142	True
North Marquesan	mrq	nort2845	True
North Levantine Arabic	apc	nort3139	True
North Giziga	gis	nort3047	True
North Efate	llp	nort2836	True
North Ambrym	mmg	nort2839	True
North Alaskan Inupiatun	esi	nort2943	True
Nopala Chatino	cya	nopa1235	True
Noone	nhu	noon1243	True
Noon	snf	noon1242	True
Nonuya	noj	nonu1241	True
Nomatsiguenga	not	noma1263	True
Nomaande	lem	noma1260	True
Nokuku	nkk	noku1237	True
Nocte Naga	njb	noct1238	True
Nobiin	fia	nobi1240	True
Nkonya	nko	nkon1248	True
Nkem-Nkum	isi	nkem1242	True
Nkami	nkq	nkam1239	True
Njyem	njy	njye1238	True
Njerep	njr	njer1242	True
Njebi	nzb	njeb1242	True
Njanga	NOCODE_Njanga	njan1240	True
Nizaa	sgi	suga1248	True
Niuean	niu	niue1239	True
Niuafo'ou	num	niua1240	True
Nisga'a	ncg	nisg1240	True
Nisenan	nsz	nise1244	True
Nipmuck	xlo	loup1243	True
Ninde	mwi	labo1244	True
Ninam	shb	nina1238	True
Nimboran	nir	nucl1633	True
Nimadi	noe	nima1243	True
Nilamba	nim	nila1242	True
Nihali	nll	niha1238	True
Nicaragua Creole English	bzk	nica1252	True
Nias	nia	nias1242	True
Nhengatu	yrl	nhen1239	True
Ngäbere	gym	ngab1239	True
Ngwe	nwe	ngwe1238	True
Ngomba	jgo	ngom1272	True
Ngochang	NOCODE_Ngochang	ngoc1235	True
Ngkâlmpw Kanum	kcd	ngka1235	True
Ngizim	ngi	ngiz1242	True
Ngiti	niy	ngit1239	True
Ngie	ngj	ngie1242	True
Nggem	nbq	ngge1241	True
Ngbaka Minagende	nga	ngba1285	True
Ngazidja Comorian	zdj	ngaz1238	True
Ngas	anc	ngas1240	True
Ngarinyin	ung	ngar1284	True
Ngarinman	nbj	ngar1235	True
Ngardi	rxd	ngar1288	True
Ngangam	gng	ngan1299	True
Ngandi	nid	ngan1295	True
Nganasan	nio	ngan1291	True
Ngambay	sba	ngam1268	True
Ngalkbun	ngk	ngal1292	True
Ngalakan	nig	ngal1293	True
Ngaanyatjarra	ntj	ngaa1240	True
Nez Perce	nez	nezp1238	True
Neverver	lgk	ling1265	True
Neve'ei	vnm	vinm1237	True
Nese	NOCODE_Nese	nese1235	True
Nepali	npi	nepa1254	True
Neo-Mandaic	mid	nucl1706	True
Nengone	nen	neng1238	True
Nend	anh	nend1239	True
Nen	nqn	nenn1238	True
Nek	nif	nekk1240	True
Nehan	nsn	neha1247	True
Negeri Sembilan Malay	zmi	nege1240	True
Negerhollands	dcr	nege1244	True
Nedebang	nec	nede1245	True
Ndut	ndv	ndut1239	True
Ndonga	ndo	ndon1254	True
Ndengereko	ndg	nden1248	True
Ndau	ndc	ndau1241	True
Ndamba	ndj	ndam1239	True
Ndali	ndh	ndal1241	True
Ncane	ncr	ncan1245	True
Nayi	noz	nayi1243	True
Nawuri	naw	nawu1242	True
Navajo	nav	nava1243	True
Nauru	nau	naur1243	True
Nauete	nxa	naue1237	True
Nati	NOCODE_Nati	nati1244	True
Natchez	ncz	natc1249	True
Narungga	nnr	naru1238	True
Naro	nhr	naro1249	True
Narim	loh	nari1240	True
Nara	nrb	nara1262	True
Nar Phu	npa	narp1239	True
Nanti	cox	nant1250	True
Nankina	nnk	nank1250	True
Nangikurrunggurr	nam	nang1259	True
Nanggu	ngr	nang1262	True
Nanga	nzz	nang1261	True
Nandi	niq	nand1266	True
Nande	nnb	nand1264	True
Namuyi	nmy	namu1246	True
Namia	nnm	nami1256	True
Nambo	ncm	namb1293	True
Naman	lzl	litz1237	True
Namakura	nmk	nama1268	True
Nalik	nal	nali1244	True
Naki	mff	naki1238	True
Nakara	nck	naka1260	True
Nakanai	nak	naka1262	True
Najdi Arabic	ars	najd1235	True
Nai	bio	naii1241	True
Nahavaq	sns	sout2857	True
Naga Pidgin	nag	naga1394	True
Nabak	naf	naba1256	True
Naasioi	nas	naas1242	True
Na	nbt	naaa1245	True
Mün Chin	mwq	munc1235	True
Mískito	miq	misk1235	True
Máku	xak	maku1246	True
Myene	mye	myen1241	True
Mycenaean Greek	gmy	myce1241	True
Mwotlap	mlv	motl1237	True
Mwera (Nyasa)	mjh	mwer1247	True
Mwera (Chimwera)	mwe	mwer1248	True
Mwani	wmw	mwan1247	True
Mwan	moa	mwan1250	True
Mwakai	mgt	mong1344	True
Mwaghavul	sur	mwag1236	True
Muyuw	myw	muyu1244	True
Muyang	muy	muya1243	True
Mutsun	css	muts1243	True
Mussau-Emira	emi	muss1246	True
Musom	msu	muso1238	True
Muruwari	zmu	muru1266	True
Murui Huitoto	huu	muru1274	True
Mursi	muz	murs1242	True
Murrinh-Patha	mwf	murr1258	True
Murle	mur	murl1244	True
Munsee	umu	muns1251	True
Mungbam	mij	abar1238	True
Mungaka	mhk	mung1266	True
Mundari	unr	mund1320	True
Mundabli	boe	mund1328	True
Muna	mnb	muna1247	True
Mumuye	mzm	nucl1240	True
Mullukmulluk	mpb	mull1237	True
Mulam	mlm	mula1253	True
Muklom	NOCODE_Muklom	mukl1234	True
Mufian	aoj	mufi1238	True
Muduapa	wiv	mudu1242	True
Mualang	mtd	mual1241	True
Mru	mro	mruu1242	True
Mro Chin	cmr	mroc1235	True
Mpur	akc	mpur1239	True
Mpoto	mpa	mpot1240	True
Mpongmpong	mgg	mpon1254	True
Mpade	mpi	mpad1242	True
Moyon	nmo	moyo1238	True
Movono	tgp	tang1347	True
Movima	mzp	movi1243	True
Motu	meu	motu1246	True
Mota	mtt	mota1237	True
Moskona	mtj	mosk1236	True
Mosetén-Chimané	cas	mose1249	True
Moselle Franconian	ltz	luxe1241	True
Mortlockese	mrl	mort1237	True
Moroccan Arabic	ary	moro1292	True
Moro	mor	moro1285	True
Morisyen	mfe	mori1278	True
Mori Bawah	xmz	mori1268	True
Morelos Nahuatl	nhm	more1259	True
Mor (Mor Islands)	mhz	morm1235	True
Moose Cree	crm	moos1236	True
Montagnais	moe	mont1268	True
Mono-Alu	mte	mono1273	True
Mono (USA)	mnr	mono1275	True
Mono (Democratic Republic of Congo)	mnh	mono1270	True
Moni	mnz	moni1261	True
Mongo	lol	mong1338	True
Mongghul	mjg	huzh1238	True
Mon	mnw	monn1252	True
Momu-Fas	fqs	fass1245	True
Mombo Dogon	dmb	momb1254	True
Moloko	mlw	molo1266	True
Molmo One	aun	molm1235	True
Molale	mbe	mola1238	True
Mokpwe	bri	mokp1239	True
Mokilese	mkj	moki1238	True
Moken	mwt	moke1242	True
Mok	mqt	mokk1243	True
Moi (Indonesia)	mxn	moii1235	True
Mohegan-Montauk-Narragansett	mof	mohe1244	True
Mohawk	moh	moha1258	True
Mohave	mov	moha1256	True
Mogholi	mhj	mogh1245	True
Modern Hebrew	heb	hebr1245	True
Modern Greek	ell	mode1248	True
Mocoví	moc	moco1246	True
Mocho	mhc	moch1257	True
Mochica	omc	moch1259	True
Mmen	bfm	mmen1238	True
Mlahsô	lhs	mlah1239	True
Mlabri	mra	mlab1235	True
Mizo	lus	lush1249	True
Miya	mkf	miya1266	True
Mixtepec Zapotec	zpm	mixt1426	True
Mitla Zapotec	zaw	mitl1236	True
Misool-Salawati Ma'ya	slz	maya1282	True
Mising-Padam-Miri-Minyong	mrg	misi1242	True
Misima-Paneati	mpx	misi1243	True
Miship	mjs	mish1244	True
Miriwung	mep	miri1266	True
Minigir	vmg	mini1251	True
Mingrelian	xmf	ming1252	True
Minangkabau	min	mina1268	True
Mina (Cameroon)	hna	mina1276	True
Min Nan Chinese	nan	minn1241	True
Min Bei Chinese	mnp	minb1244	True
Miluk	iml	milu1241	True
Milang	NOCODE_Milang	mila1245	True
Mikasuki	mik	mika1239	True
Midob	mei	mido1240	True
Middle Mongol	xng	midd1351	True
Middle High German	gmh	midd1343	True
Middle English	enm	midd1317	True
Middle Clarence	bdy	midd1357	True
Michoacán Nahuatl	ncl	mich1245	True
Michif	crg	mich1243	True
Mian	mpt	mian1256	True
Miami	mia	miam1252	True
Mi'kmaq	mic	mikm1235	True
Mezquital Otomi	ote	mezq1235	True
Meyah	mej	meya1236	True
Mewati	wtm	mewa1250	True
Mewari	mtr	mewa1249	True
Meta'	mgo	meta1238	True
Mesqan	mvz	mesq1240	True
Meskwaki	sac	mesk1242	True
Mescalero-Chiricahua Apache	apm	mesc1238	True
Mesaka	iyo	mesa1245	True
Meru	mer	meru1245	True
Meriam	ulk	meri1244	True
Merei	lmb	mere1242	True
Menya	mcr	meny1245	True
Menominee	mez	meno1252	True
Mende (Sierra Leone)	men	mend1266	True
Mende (Papua New Guinea)	sim	mend1268	True
Melo	mfx	melo1242	True
Mele-Fila	mxe	mele1250	True
Mekeo	mek	meke1243	True
Mekens	skf	saki1248	True
Mehri	gdq	mehr1241	True
Mehek	nux	mehe1243	True
Mednyj Aleut	mud	medn1235	True
Me'en	mym	meen1242	True
Mbula	mna	mbul1263	True
Mbukushu	mhw	mbuk1240	True
Mbuko	mqb	mbuk1243	True
Mbuk	bpc	mbuk1244	True
Mbugwe	mgz	mbug1242	True
Mbugu	mhd	mbug1240	True
Mbre	mka	mbre1244	True
Mbosi	mdw	mbos1242	True
Mbe	mfo	mbee1249	True
Mbay	myb	mbay1241	True
Mbalanhu	lnb	mbal1255	True
Mazanderani	mzn	maza1291	True
Mayogo	mdm	mayo1261	True
Mayo	mfy	mayo1264	True
Maybrat-Karon	ayz	maib1239	True
Mauwake	mhl	mauw1238	True
Maung	mph	maun1240	True
Matumbi	mgw	matu1259	True
Mattole	mvb	matt1238	True
Matsés	mcf	mats1244	True
Mato	met	mato1252	True
Matigsalug Manobo	mbt	mati1250	True
Mateq	xem	kemb1249	True
Matbat	xmt	matb1237	True
Maskelynes	klv	mask1242	True
Masbatenyo	msb	masb1238	True
Masalit	mls	nucl1440	True
Masai	mas	masa1300	True
Masaaba	myx	masa1299	True
Marwari (India)	rwr	marw1260	True
Maru	mhx	maru1249	True
Martu Wangka	mpj	mart1256	True
Marshallese	mah	mars1254	True
Marori	mok	moro1289	True
Markweeta	enb	mark1255	True
Marithiel	mfr	mari1424	True
Maring	nng	mari1416	True
Marind	mrz	nucl1622	True
Marik	dad	mari1428	True
Maricopa	mrc	mari1440	True
Marghi Central	mrt	marg1265	True
Marathi	mar	mara1378	True
Maranunggu	zmr	mara1386	True
Maranao	mrw	mara1404	True
Maram Naga	nma	mara1379	True
Maragus	mrs	mara1399	True
Maraghei	vmh	mara1373	True
Mara	mec	mara1385	True
Mara Chin	mrh	mara1382	True
Mapos Buang	bzh	mapo1242	True
Maori	mri	maor1246	True
Maore Comorian	swb	maor1244	True
Maonan	mmd	maon1241	True
Mao Naga	nbi	maon1238	True
Manyika	mxc	many1258	True
Manx	glv	manx1243	True
Manus Koro	kxr	bowa1234	True
Manumanaw Karen	kxf	manu1255	True
Mansim	NOCODE_Mansim	mans1260	True
Mansaka	msk	mans1262	True
Mann	mev	mann1248	True
Mankanya	knf	mank1251	True
Maniq	tnz	tong1308	True
Manipuri	mni	mani1292	True
Mangseng	mbh	mang1403	True
Manggarai	mqy	mang1405	True
Mangga Buang	mmo	mang1404	True
Mangbetu	mdj	mang1394	True
Mangarayi	mpc	mang1381	True
Mangala	mem	mang1383	True
Mangaia-Old Rapa	ray	rapa1245	True
Manga Kanuri	kby	mang1399	True
Mandjak	mfv	mand1419	True
Mandaya	mry	kara1489	True
Mandarin Chinese	cmn	mand1415	True
Mandari	mqu	mand1425	True
Mandara	tbf	mand1440	True
Mandan	mhq	mand1446	True
Manda-Matumba	mgs	mand1423	True
Mand	ate	atem1241	True
Manat	pmr	payn1244	True
Manange	nmm	mana1288	True
Manambu	mle	mana1298	True
Manam	mva	mana1295	True
Mampruli	maw	mamp1244	True
Mambwe-Lungu	mgr	mamb1296	True
Mambai	mcs	mamb1294	True
Mambae	mgm	mamb1306	True
Mamanwa	mmn	mama1275	True
Mamaindé	wmd	mama1278	True
Mam	mam	mamm1241	True
Malvi	mup	malv1243	True
Malua Bay	mll	malu1245	True
Maltese	mlt	malt1254	True
Malinaltepec Me'phaa	tcf	mali1285	True
Mali	gcc	mali1284	True
Malgana	vml	malg1242	True
Maleu-Kilenge	mgl	male1289	True
Malecite-Passamaquoddy	pqm	male1292	True
Malayo	mbp	mala1522	True
Malayalam	mal	mala1464	True
Malay, Manado	xmm	mala1481	True
Malawi Lomwe	lon	mala1256	True
Malavedan	mjr	mala1463	True
Malabar-Sri Lanka Portuguese	NOCODE_Malabar-Sri-Lanka-Portuguese	mala1544	True
Makwe	ymk	makw1236	True
Maku'a	lva	maku1277	True
Makonde	kde	mako1251	True
Makhuwa-Saka	xsq	makh1266	True
Makhuwa-Meetto	mgh	makh1261	True
Makhuwa	vmw	makh1264	True
Makasar	mak	maka1311	True
Makasae-Makalero	mkz	maka1316	True
Makaa	mcp	maka1304	True
Majhi	mjz	majh1253	True
Majang	mpe	maja1242	True
Maithili	mai	mait1250	True
Maisin	mbq	mais1250	True
Mairasi	zrs	nucl1594	True
Maipure-Avane	NOCODE_Maipure	maip1247	True
Mailu	mgu	mail1248	True
Maia	sks	maia1254	True
Mahasu Pahari	bfz	maha1287	True
Maharastri Prakrit	pmh	maha1305	True
Maguindanao	mdh	magu1243	True
Mafea	mkv	mafe1237	True
Madurese	mad	nucl1460	True
Madngele	zml	madn1237	True
Madak	mmx	mada1285	True
Mada (Nigeria)	mda	mada1282	True
Macushi	mbc	macu1259	True
Maco	wpc	maco1239	True
Machinga	mvw	mach1265	True
Machame	jmc	mach1266	True
Macedonian	mkd	mace1250	True
Mabaale	mmz	maba1270	True
Maay	ymm	maay1238	True
Maasina Fulfulde	ffm	maas1239	True
Ma'di	mhi	madi1260	True
Ma'anyan	mhy	maan1238	True
Ma Manda	skc	sauk1252	True
Lü	khb	luuu1242	True
Luyi	lyn	luya1241	True
Luwo	lwo	luwo1239	True
Luvale	lue	luva1239	True
Lusi	khl	lusi1240	True
Luo (Kenya and Tanzania)	luo	luok1236	True
Lundayeh	lnd	lund1271	True
Lunda	lun	lund1266	True
Luna	luj	luna1244	True
Lumun	lmd	lumu1239	True
Luiseno	lui	luis1253	True
Luguru	ruf	lugu1238	True
Lugbara	lgg	lugb1240	True
Luchazi	lch	luch1239	True
Lubuagan Kalinga	knb	lubu1243	True
Luba-Lulua	lua	luba1249	True
Luba-Katanga	lub	luba1250	True
Luangiua	ojv	onto1237	True
Luang	lex	luan1263	True
Lozi	loz	lozi1239	True
Lowland Tarahumara	tac	lowl1265	True
Lowland Oaxaca Chontal	clo	lowl1260	True
Lower Tanana	taa	lowe1425	True
Lower Silesian	sli	lowe1388	True
Lower Richmond	NOCODE_Lower-Richmond	lowe1444	True
Lower Grand Valley Dani	dni	lowe1415	True
Lower Chehalis	cea	lowe1427	True
Louisiana Creole French	lou	loui1240	True
Lou	loj	louu1245	True
Lotha Naga	njh	loth1237	True
Lote	uvl	lote1237	True
Lopit	lpx	lopi1242	True
Lonwolwol	crc	lonw1238	True
Loniu	los	loni1238	True
Longgu	lgu	long1395	True
Loma (Liberia)	lom	loma1260	True
Lolopo	ycl	lolo1259	True
Lolak	llq	lola1250	True
Lokono	arw	araw1276	True
Loko	lok	loko1255	True
Lokaa	yaz	loka1252	True
Logo	log	logo1259	True
Logba	lgq	logb1245	True
Lizu	NOCODE_Lizu	lizu1234	True
Liv	liv	livv1244	True
Lithuanian	lit	lith1251	True
Lisu	lis	lisu1250	True
Lishán Didán	trg	lish1246	True
Lishana Deni	lsd	lish1247	True
Lingala	lin	ling1263	True
Limos Kalinga	kmk	limo1248	True
Limonese Creole	qlm	limo1249	True
Limilngan	lmc	nucl1327	True
Limbum	lmp	limb1268	True
Limbu	lif	limb1266	True
Lillooet	lil	lill1248	True
Liko	lik	lika1243	True
Lijili	mgi	liji1238	True
Lihir	lih	lihi1237	True
Libyan Arabic	ayl	liby1240	True
Libinza	liz	libi1244	True
Liberia Kpelle	xpe	libe1247	True
Liangmai Naga	njn	lian1251	True
Lhomi	lhm	lhom1239	True
Lezghian	lez	lezg1247	True
Lewotobi	lwt	lewo1244	True
Lewo	lww	lewo1242	True
Leti (Indonesia)	lti	leti1246	True
Lese	les	lese1243	True
Lepcha	lep	lepc1244	True
Lenje	leh	lenj1248	True
Lengua Sur	enx	sout2989	True
Lengo	lgr	leng1259	True
Lendu	led	lend1245	True
Lenakel	tnl	lena1238	True
Lemeting	beg	bela1260	True
Lelepa	lpa	lele1267	True
Lelemi	lef	lele1264	True
Lele (Papua New Guinea)	lle	lele1270	True
Lele (Chad)	lln	lele1276	True
Leh Ladakhi	lbj	lada1244	True
Lega-Shabunda	lea	lega1249	True
Lega-Mwenga	lgm	lega1250	True
Leco	lec	leco1242	True
Lealao Chinantec	cle	leal1235	True
Laz	lzz	lazz1240	True
Lavukaleve	lvk	lavu1241	True
Lavia-Awalai-Damangnuo Awa	vwa	awac1238	True
Laven	lbo	lave1248	True
Lau	llu	lauu1247	True
Latvian	lav	latv1249	True
Latin	lat	lati1261	True
Late Palestinian Aramaic	NOCODE_Late-Palestinian-Aramaic	late1255	True
Lashi	lsi	lash1243	True
Larteh	lar	lart1238	True
Larike-Wakasihu	alo	lari1255	True
Laragia	lrg	lara1258	True
Lao	lao	laoo1244	True
Lango (Uganda)	laj	lang1324	True
Langi	lag	lang1320	True
Lampung Api	ljp	lamp1243	True
Lamnso'	lns	lamn1239	True
Lamkang	lmk	lamk1238	True
Lamjung-Melamchi Yolmo	scp	hela1238	True
Lamenu	lmu	lame1260	True
Lamboya	lmy	lamb1273	True
Lamba	lam	lamb1271	True
Lamang	hia	lama1288	True
Lamaholot	slp	lama1277	True
Lama (Togo)	las	lama1275	True
Lala-Bisa	leb	lala1264	True
Lala	nrz	lala1268	True
Lakota	lkt	lako1247	True
Lakkia	lbc	lakk1238	True
Lake Miwok	lmw	lake1258	True
Lak	lbe	lakk1252	True
Laiyolo	lji	laiy1246	True
Lahu	lhu	lahu1253	True
Lahta-Zayein Karen	kxk	zaye1235	True
Ladino	lad	ladi1251	True
Ladin	lld	ladi1250	True
Lachi	lbt	lach1248	True
Lacandon	lac	laca1243	True
Labuk-Kinabatangan Kadazan	dtb	labu1249	True
Labu	lbu	labu1248	True
Laari	ldi	laar1238	True
Kâte	kmg	kate1253	True
Kyerung	kgy	kyer1238	True
Kyaka	kyc	kyak1244	True
Kxoe	xuu	kxoe1243	True
Kwomtari	kwo	nucl1593	True
Kwini	gww	kwin1241	True
Kwerba	kwe	nucl1595	True
Kwegu	xwg	kweg1241	True
Kwaza	xwa	kwaz1243	True
Kwaya	kya	kway1241	True
Kwara'ae	kwf	kwar1239	True
Kwangali	kwn	kwan1273	True
Kwamera	tnk	kwam1252	True
Kwama	kmq	kwam1249	True
Kwakum	kwu	kwak1266	True
Kwak'wala	kwk	kwak1269	True
Kwaio	kwd	kwai1243	True
Kwadi	kwz	kwad1244	True
Kuy	kdt	kuyy1240	True
Kutep	kub	kute1248	True
Kutenai	kut	kute1249	True
Kusunda	kgg	kusu1250	True
Kusaal	kus	kusa1250	True
Kurukh	kru	kuru1301	True
Kurtokha	xkz	kurt1248	True
Kuria	kuj	kuri1259	True
Kupsabiny	kpz	kups1238	True
Kupang Malay	mkn	kupa1239	True
Kuot	kto	kuot1243	True
Kunjen	kjn	kunj1245	True
Kunimaipa	kup	kuni1267	True
Kuni-Boazi	kvg	kuni1265	True
Kung	kfl	kung1260	True
Kunbarlang	wlg	kunb1251	True
Kunama	kun	kuna1268	True
Kumzari	zum	kumz1235	True
Kumbainggar	kgs	kumb1268	True
Kumaoni	kfy	kuma1273	True
Kumam	kdi	kuma1275	True
Kulungtfu-Yuanggeng-Tobo	kgf	kube1244	True
Kulung (Nigeria)	bbu	kulu1255	True
Kulung (Nepal)	kle	kulu1253	True
Kulsab	faj	fait1240	True
Kula (Indonesia)	tpg	kula1280	True
Kuku-Yalanji	gvn	kuku1273	True
Kuku-Uwanh	uwa	kuku1280	True
Kuku	ukv	kuku1285	True
Kukatja	kux	kuka1246	True
Kuikúro-Kalapálo	kui	kuik1246	True
Kui (Indonesia)	kvd	kuii1253	True
Kui (India)	kxu	kuii1252	True
Kubachi	ugh	kuba1248	True
Kuanyama	kua	kuan1247	True
Kuanua	ksd	kuan1248	True
Kryz	kry	kryt1240	True
Kriang-Khlor	ngt	ngeq1245	True
Kpan	kpk	kpan1246	True
Koyukon	koy	koyu1237	True
Koyraboro Senni Songhai	ses	koyr1242	True
Koyra Chiini Songhay	khq	koyr1240	True
Koy Sanjaq Jewish Neo-Aramaic	kqd	koys1242	True
Kove	kvc	kove1237	True
Kovai	kqb	kova1243	True
Kotiria	gvc	guan1269	True
Koti	eko	koti1238	True
Kota (India)	kfe	kota1263	True
Kosraean	kos	kosr1238	True
Koshin	kid	kosh1246	True
Kosarek Yale	kkl	kosa1249	True
Korowai	khe	koro1312	True
Koroshi	ktl	koro1296	True
Korop	krp	koro1304	True
Koromfé	kfz	koro1298	True
Korlai Portuguese	vkp	korl1238	True
Korku	kfq	kork1243	True
Korean	kor	kore1280	True
Korana	kqz	kora1292	True
Korafe-Yegha	kpr	kora1294	True
Koonzime	ozm	koon1245	True
Konzo	koo	konz1239	True
Konyak Naga	nbe	kony1248	True
Konso	kxc	kons1243	True
Kono (Guinea)	knu	kono1267	True
Konni	kma	konn1242	True
Konai	kxw	kona1242	True
Komo (Sudan)	xom	komo1258	True
Komo (Democratic Republic of Congo)	kmw	komo1260	True
Kombio	xbi	komb1272	True
Kombai	tyn	komb1274	True
Komba	kpf	komb1273	True
Kom (India)	kmm	komi1270	True
Kom (Cameroon)	bkm	komc1235	True
Koluwawa	klx	kolu1245	True
Kola	kvv	kola1285	True
Kol (Cameroon)	biw	kolc1235	True
Kokota	kkk	koko1269	True
Kok Borok	trp	kokb1239	True
Koireng	nkd	koir1240	True
Koi	kkt	koii1238	True
Kohumono	bcs	kohu1244	True
Koho	kpm	koho1244	True
Kohistani Shina	plk	kohi1248	True
Kochila Tharu	thq	koch1247	True
Koch	kdq	koch1250	True
Kobon	kpw	kobo1249	True
Koasati	cku	koas1236	True
Kman	mxj	miju1243	True
Klon	kyo	kelo1247	True
Klamath-Modoc	kla	klam1254	True
Kituba (Democratic Republic of Congo)	ktu	kitu1246	True
Kitja	gia	kitj1240	True
Kistane	gru	kist1241	True
Kire	geb	kire1240	True
Kipsigis	sgc	kips1239	True
Kiowa	kio	kiow1266	True
Kiowa Apache	apk	kiow1264	True
Kinyarwanda	kin	kiny1244	True
Kinnauri	kfk	kinn1249	True
Kimaragang	kqr	kima1244	True
Kilmeri	kih	kilm1241	True
Kiliwa	klb	kili1268	True
Kilivila	kij	kili1267	True
Kikuyu	kik	kiku1240	True
Kickapoo	kic	kick1244	True
Khün	kkh	khun1259	True
Khwarshi-Inkhoqwari	khv	khva1239	True
Khwarezmian	xco	khwa1238	True
Khumi Chin	cnk	khum1248	True
Khroskyabs	jiq	guan1266	True
Khowar	khw	khow1242	True
Khotanese	kho	khot1251	True
Khoresh-e Rostam	okh	kore1279	True
Khorasan Arabic	NOCODE_Khorasan-Arabic	khor1274	True
Khoibu	nkb	khoi1251	True
Kho'ini	xkc	khoi1250	True
Khmu	kjg	khmu1256	True
Khinalugh	kjj	khin1240	True
Khezha Naga	nkh	khez1235	True
Khengkha	xkf	khen1241	True
Khasi	kha	khas1269	True
Kharia	khr	khar1287	True
Kharam Naga	kfw	khar1288	True
Khana	ogo	khan1278	True
Khamti	kht	kham1290	True
Khams Tibetan	khg	kham1282	True
Khaling	klr	khal1275	True
Khakas	kjh	khak1248	True
Kgalagadi	xkv	kgal1244	True
Ket	ket	kett1243	True
Kesawai	xes	kesa1244	True
Kerinci	kvr	keri1250	True
Kenuzi-Dongola	kzh	kenu1236	True
Kensiu	kns	kens1248	True
Kendayan-Belangin	knx	kend1254	True
Kemezung	dmo	keme1240	True
Keley-i Kallahan	ify	kele1259	True
Kele-Foma	khy	kele1255	True
Kele (Papua New Guinea)	sbc	kele1258	True
Kelantan-Pattani Malay	mfa	patt1249	True
Kelabit	kzi	kela1258	True
Kekchí	kek	kekc1242	True
Keiga	kec	keig1242	True
Keerak	hhr	kera1248	True
Kedang	ksx	keda1252	True
Keapara	khz	keap1239	True
Ke'o	xxk	keoo1238	True
Kaytetye	gbb	kayt1238	True
Kayardild	gyd	kaya1319	True
Kayapó	txu	kaya1330	True
Kayan Lahwi	pdu	kaya1315	True
Kawi	kaw	kawi1241	True
Kawaiisu	xaw	kawa1283	True
Kavir	NOCODE_Kavir	kavi1234	True
Kavalan	ckv	kava1241	True
Kaurna	zku	kaur1267	True
Kaulong	pss	kaul1240	True
Katë	bsh	kati1270	True
Katukína-Kanamarí	knm	kana1291	True
Kato	ktw	kato1244	True
Katkari	kfu	katk1238	True
Kathmandu Valley Newari	new	newa1246	True
Kathlamet	NOCODE_Kathlamet	kath1253	True
Katcha-Kadugli-Miri	xtc	katc1249	True
Kasua	khs	kasu1251	True
Kaska	kkz	kask1239	True
Kashmiri	kas	kash1277	True
Kashaya	kju	kash1280	True
Kasem	xsm	kase1253	True
Karok	kyh	karo1304	True
Karo (Ethiopia)	kxh	karo1297	True
Karo (Brazil)	arr	karo1305	True
Karkar-Yuri	yuj	kark1258	True
Karitiâna	ktn	kari1311	True
Karipúna Creole French	kmv	kari1301	True
Karingani	kgn	kari1303	True
Kari	kbj	kari1306	True
Karata	kpt	kara1474	True
Karao	kyj	kara1487	True
Karankawa	zkk	kara1289	True
Karamojong	kdj	kara1483	True
Karajá	kpj	kara1500	True
Karadjeri	gbd	kara1476	True
Karachay-Balkar	krc	kara1465	True
Kara-Kalpak	kaa	kara1467	True
Kara (Papua New Guinea)	leu	kara1486	True
Kaqchikel	cak	kaqc1270	True
Kapriman	dju	kapr1245	True
Kapingamarangi	kpg	kapi1249	True
Kaonde	kqn	kaon1241	True
Kansa	ksk	kans1243	True
Kannada	kan	nucl1305	True
Kankanaey	kne	kank1243	True
Kanite	kmu	kani1286	True
Kaninuwa	wat	kani1281	True
Kangri	xnr	kang1280	True
Kanembu	kbl	kane1243	True
Kanasi	soq	kana1288	True
Kanashi	xns	kana1283	True
Kanakanavu	xnb	kana1286	True
Kamula	xla	kamu1260	True
Kamu	xmu	kamu1258	True
Kami (Tanzania)	kcu	kami1256	True
Kambera	xbr	kamb1299	True
Kambaata	ktb	kamb1316	True
Kamba (Kenya)	kam	kamb1297	True
Kamasau	kms	kama1367	True
Kamara	jmr	kama1357	True
Kamano	kbq	kama1370	True
Kamang	woi	kama1365	True
Kam	kdx	kamm1249	True
Kaluli	bco	kalu1248	True
Kalo Finnish Romani	rmf	kalo1256	True
Kalkutung	ktg	kalk1246	True
Kalispel-Pend d'Oreille	fla	kali1308	True
Kalasha	kls	kala1372	True
Kalanga	kck	kala1384	True
Kalami	gwc	kala1373	True
Kalamang	kgv	kara1499	True
Kalam	kmh	kala1397	True
Kalagan	kqe	kala1388	True
Kalabari	ijn	kala1381	True
Kalaallisut	kal	kala1399	True
Kala Lagaw Ya	mwp	kala1377	True
Kakua	cbv	cacu1241	True
Kakabe	kke	kaka1265	True
Kajkavian	kjv	kajk1237	True
Kajali	xkj	kaja1247	True
Kaiwá	kgk	kaiw1246	True
Kairiru	kxa	kair1263	True
Kaike	kzq	kaik1246	True
Kagulu	kki	kagu1239	True
Kagayanen	cgc	kaga1256	True
Kafoa	kpu	kafo1240	True
Kaera	jka	kaer1234	True
Kado	kdv	kado1242	True
Kadiwéu	kbc	kadi1248	True
Kadazan Dusun	dtp	cent2100	True
Kadar	kej	kada1242	True
Kacipo-Balesi	koe	kaci1244	True
Kachari	xac	kach1279	True
Kachama-Ganjule-Haro	kcx	kach1284	True
Kabyle	kab	kaby1243	True
Kabardian	kbd	kaba1278	True
Kaba	ksp	kaba1281	True
K'iche'	quc	kich1262	True
Jur Modo	bex	jurm1239	True
Juquila Mixe	mxq	juqu1238	True
Jukun Takum	jbu	juku1254	True
Judeo-Yemeni Arabic	jye	jude1267	True
Judeo-Tripolitanian Arabic	yud	jude1264	True
Judeo-Persian	jpr	jude1257	True
Judeo-Moroccan Arabic	aju	jude1265	True
Judeo-Iraqi Arabic	yhd	jude1266	True
Juang	jun	juan1238	True
Jowulu	jow	jowu1238	True
Jola-Fonyi	dyo	jola1263	True
Jju	kaj	jjuu1238	True
Jita	jit	jita1239	True
Jina	jia	jina1244	True
Jicarilla Apache	apj	jica1244	True
Jibbali	shv	sheh1240	True
Jiba	juo	jiba1237	True
Jewish Babylonian Aramaic (ca. 200-1200 CE)	tmr	jewi1240	True
Jerung	jee	jeru1240	True
Jennu Kurumba	xuj	jenn1240	True
Jejara Naga	pzn	para1302	True
Jehai	jhi	jeha1242	True
Jeh	jeh	jehh1245	True
Jedek	NOCODE_Jedek	jede1239	True
Jebero	jeb	jebe1250	True
Javanese	jav	java1254	True
Jaunsari	jns	jaun1243	True
Jaru	ddj	jaru1254	True
Jarawa (India)	anq	jara1245	True
Jarai	jra	jara1266	True
Japhug	NOCODE_Japhug	japh1234	True
Japanese	jpn	nucl1643	True
Jamsay Dogon	djm	jams1239	True
Jaminjung-Ngaliwurru	djd	djam1255	True
Jamiltepec Mixtec	mxt	jami1235	True
Jambi Malay	jax	jamb1236	True
Jamamadí	jaa	jama1261	True
Jamaican Creole English	jam	jama1262	True
Jalkunan	bxl	jalk1242	True
Jah Hut	jah	jahh1242	True
Jad	jda	jadd1243	True
Izon	ijc	izon1238	True
Izi-Ezaa-Ikwo-Mgbo	izi	izie1238	True
Izere	izr	izer1241	True
Iyo	nca	iyoo1238	True
Ixtenco Otomi	otz	ixte1237	True
Ixil	ixl	ixil1251	True
Iwam	iwm	iwam1256	True
Iwal	kbm	iwal1237	True
Iwaidja	ibd	iwai1244	True
Ivbie North-Okpela-Arhe	atg	ivbi1241	True
Iu Mien	ium	iumi1238	True
Itzá	itz	itza1241	True
Itonama	ito	iton1250	True
Itbayat	ivv	ivat1242	True
Isu (Fako Division)	szv	isuf1235	True
Istro Romanian	ruo	istr1245	True
Isthmus-Mecayapan Nahuatl	nhx	isth1242	True
Isthmus Zapotec	zai	isth1244	True
Isnag	isd	isna1241	True
Island Carib	crb	isla1278	True
Isirawa	srl	isir1237	True
Isinai	inn	isin1239	True
Isimjeega-Rootigaanga	NOCODE_Isimjeega	isim1234	True
Irántxe-Münkü	irn	iran1263	True
Irish	gle	iris1253	True
Iraya	iry	iray1237	True
Irarutu	irh	irar1238	True
Iraqw	irk	iraq1241	True
Iquito	iqu	iqui1243	True
Ipai	NOCODE_Ipai	ipai1240	True
Iowa-Oto	iow	iowa1245	True
Inter-Zab Jewish Neo-Aramaic	aij	lish1245	True
Inor	ior	inor1238	True
Inland-Buhi-Daraga Bikol	bhk	alba1269	True
Ingush	inh	ingu1240	True
Ineseño	inz	ines1240	True
Indonesian Bajau	bdl	indo1317	True
Indo-Aryan Kinnauri	kjo	hari1246	True
Imperial Aramaic (700-300 BCE)	arc	impe1235	True
Imonda	imn	imon1245	True
Iloko	ilo	ilok1237	True
Ilianen Manobo	mbi	ilia1236	True
Ili'uun	ilu	iliu1237	True
Ila	ilb	ilaa1246	True
Ikulu	ikl	ikul1238	True
Ikoma-Nata	ntk	ikom1245	True
Ika	ikk	ikaa1238	True
Ik	ikx	ikkk1242	True
Igor Ossetian	oss	iron1242	True
Ignaciano	ign	igna1246	True
Igede	ige	iged1239	True
Igbo	ibo	nucl1417	True
Igala	igl	igal1242	True
Iduna	viv	idun1242	True
Idun	ldb	idun1241	True
Idu	clk	idum1241	True
Idoma	idu	idom1241	True
Idi	idi	idii1243	True
Ida'an	dbj	idaa1241	True
Icelandic	isl	icel1247	True
Ibibio	ibb	ibib1240	True
Ibatan	ivb	ibat1238	True
Ibanag	ibg	iban1267	True
Iban	iba	iban1264	True
Ibaloi	ibl	ibal1244	True
Iatmul	ian	iatm1242	True
Iamalele	yml	iama1237	True
Iaai	iai	iaai1238	True
I'saka	ksi	kris1246	True
Hutterite German	geh	hutt1235	True
Hurrian	xhu	hurr1240	True
Huron-Wyandot	wya	wyan1247	True
Hupa	hup	hupa1239	True
Hup	jup	hupd1244	True
Hunzib	huz	hunz1247	True
Hungu	hng	hung1280	True
Hungarian	hun	hung1274	True
Hungana	hum	hung1278	True
Hung	hnu	hung1275	True
Hun-Saare	dud	huns1239	True
Humburi Senni Songhay	hmb	humb1243	True
Huli	hui	huli1244	True
Hulaulá	huy	hula1244	True
Hula	hul	hula1239	True
Huizhou Chinese	czh	huiz1242	True
Huichol	hch	huic1243	True
Huehuetla Tepehua	tee	hueh1236	True
Huba	hbb	huba1236	True
Huaylla Wanca Quechua	qvw	huay1241	True
Huautla Mazatec	mau	huau1238	True
Huastec	hus	huas1242	True
Huallaga Huánuco Quechua	qub	hual1241	True
Hruso	hru	hrus1242	True
Hrangkhol	hra	hran1239	True
Hozo	hoz	hozo1236	True
Hote	hot	hote1245	True
Hopi	hop	hopi1249	True
Hokkaido Ainu	ain	ainu1240	True
Hoava	hoa	hoav1238	True
Ho-Chunk	win	hoch1243	True
Ho	hoc	hooo1248	True
Hmong Daw	mww	hmon1333	True
Hmar	hmr	hmar1241	True
Hixkaryána	hix	hixk1239	True
Hittite	hit	hitt1242	True
Hinuq	gin	hinu1240	True
Hindi	hin	hind1269	True
Hills Karbi	mjw	karb1241	True
Hiligaynon	hil	hili1240	True
Hijazi Arabic	acw	hija1235	True
Highland Puebla Nahuatl	azz	high1278	True
Highland Popoluca	poi	high1276	True
Highland Oaxaca Chontal	chd	high1242	True
Hieroglyphic Luwian	hlu	hier1240	True
Hidatsa	hid	hida1246	True
Hezhou	NOCODE_Hezhou	hezh1244	True
Hewa	ham	hewa1241	True
Herero	her	here1253	True
Haya	hay	haya1250	True
Hawu	hvn	sabu1255	True
Hawaiian	haw	hawa1245	True
Havasupai-Walapai-Yavapai	yuf	hava1248	True
Hausa	hau	haus1257	True
Hatang Kayi	agv	remo1247	True
Hatam	had	hata1243	True
Hassaniyya	mey	hass1238	True
Haryanvi	bgc	hary1238	True
Harari	har	hara1271	True
Hano	lml	hano1246	True
Hanis	csz	coos1249	True
Hanga Hundi	wos	hang1263	True
Hamtai	hmt	hamt1247	True
Halkomelem	hur	halk1245	True
Halia	hla	hali1244	True
Halbi	hlb	halb1244	True
Hakka Chinese	hak	hakk1236	True
Haka Chin	cnh	haka1240	True
Hadza	hts	hadz1240	True
Hadrami Arabic	ayh	hadr1236	True
Hadothi	hoj	hado1235	True
Hadiyya	hdy	hadi1240	True
Ha	haq	haaa1252	True
Gyele	gyi	gyel1242	True
Gwich'in	gwi	gwic1235	True
Gweno	gwe	gwen1239	True
Gwahatike	dah	gwah1244	True
Gusii	guz	gusi1247	True
Guruntum-Mbaaru	grd	guru1271	True
Gurung	gvr	guru1261	True
Gurani	hac	gura1251	True
Guragone	gge	gura1252	True
Gupapuyngu	guf	gupa1247	True
Gumawana	gvs	guma1254	True
Gulf Coast French	NOCODE_Gulf-Coast-French	gulf1242	True
Gulf Arabic	afb	gulf1241	True
Gujarati	guj	guja1252	True
Guiqiong	gqi	guiq1238	True
Gude	gde	gude1246	True
Gubeeher-Gufangor-Gubelor	NOCODE_Gubeeher-Gufangor-Gubelor	gube1234	True
Guató	gta	guat1253	True
Guaicurian	NOCODE_Guaicurian	guai1237	True
Guahibo	guh	guah1255	True
Guadeloupean Creole French	gcf	guad1242	True
Grass Koiari	kbk	gras1249	True
Gourmanchéma	gux	gour1243	True
Gothic	got	goth1244	True
Gorum-Parenga	pcj	pare1266	True
Gorowa	gow	goro1270	True
Gorontalo	gor	goro1259	True
Gooniyandi	gni	goon1238	True
Gonja	gjn	gonj1241	True
Golo	NOCODE_Golo	golo1234	True
Golin	gvf	goli1247	True
Gola	gol	gola1255	True
Gogo	gog	gogo1263	True
Goemai	ank	goem1240	True
Godwari	gdx	godw1241	True
Godoberi	gdo	ghod1238	True
Goan Konkani	gom	goan1235	True
Glavda	glw	glav1244	True
Gitxsan	git	gitx1241	True
Gitonga	toh	gito1238	True
Girirra	gii	giri1245	True
Gimi (Eastern Highlands)	gim	gimi1243	True
Gilit Mesopotamian Arabic	acm	meso1252	True
Gilbertese	gil	gilb1244	True
Gilaki	glk	gila1241	True
Gidar	gid	gida1247	True
Ghomara	gho	ghom1257	True
Ghari	gri	ghar1239	True
Ghanongga	ghn	ghan1242	True
Ghadames	gha	ghad1239	True
Geser-Gorom	ges	gese1240	True
German	deu	stan1295	True
German Northern Low Saxon	frs	nort2628	True
Georgian	kat	nucl1302	True
Gen	gej	genn1243	True
Gela	nlg	gela1263	True
Geez	gez	geez1241	True
Gedeo	drs	gede1246	True
Gedaged	gdd	geda1237	True
Gebe	gei	gebe1237	True
Geba Karen	kvq	geba1237	True
Gbaya-Mbodomo	gmm	gbay1281	True
Gbari	gby	gbar1246	True
Gbagyi	gbr	gbag1258	True
Gazi	gzi	gazi1243	True
Gayo	gay	gayo1244	True
Gawar-Bati	gwt	gawa1247	True
Gavião Do Jiparaná	gvo	gavi1246	True
Gata'	gaq	gata1239	True
Garo	grt	garo1247	True
Garig-Ilgar	ilg	gari1253	True
Garifuna	cab	gari1256	True
Garawa	wrk	gara1269	True
Gapapaiwa	pwg	gapa1238	True
Gants	gao	gant1244	True
Gangte	gnb	gang1266	True
Gandhari	pgd	gand1259	True
Ganda	lug	gand1255	True
Ganai	unn	gana1278	True
Gan Chinese	gan	ganc1239	True
Gamo	gmv	gamo1243	True
Gamale Kham	kgj	gama1251	True
Galoli-Talur	gal	galo1243	True
Galo	adl	galo1242	True
Galice	gce	gali1261	True
Galibi Carib	car	gali1262	True
Galela	gbi	gale1259	True
Gagauz	gag	gaga1249	True
Gagadu	gbu	gaga1251	True
Gafat	gft	gafa1240	True
Gade	ged	gade1242	True
Gade Lohar	gda	gade1236	True
Gaam	tbi	gaam1241	True
Gaa	ttb	gaaa1245	True
Ga'dang	gdg	gada1258	True
Ga'anda	gqa	gaan1243	True
Ga	gaa	gaaa1244	True
Fyam	pym	fyam1238	True
Fwe	fwe	fwee1238	True
Fuyug	fuy	fuyu1242	True
Futuna-Aniwa	fut	futu1245	True
Fur	fvr	furr1244	True
Fungwa	ula	fung1245	True
Fulniô	fun	fuln1247	True
Fuliiru	flr	fuli1240	True
French	fra	stan1290	True
Fore	for	fore1270	True
Fordata	frd	ford1242	True
Foodo	fod	food1238	True
Fon	fon	fonn1241	True
Foi	foi	foii1241	True
Finnish	fin	finn1318	True
Finallig	bkb	fina1242	True
Filomeno Mata Totonac	tlp	filo1235	True
Filipino	fil	fili1244	True
Fijian	fij	fiji1243	True
Fataluku	ddg	fata1247	True
Fasu	faa	fasu1242	True
Fars Dialects	fay	sout2645	True
Faroese	fao	faro1244	True
Farefare	gur	fare1241	True
Faliscan	xfa	fali1291	True
Falam Chin	cfm	fala1243	True
Faiwol	fai	faiw1243	True
Faifi	fif	faif1234	True
Faeto and Celle San Vito Francoprovencal	NOCODE_Faeto-Celle-San-Vito-Francoprovencal	faet1240	True
Eyak	eya	eyak1241	True
Ewondo	ewo	ewon1239	True
Ewe	ewe	ewee1241	True
Eudeve	NOCODE_Eudeve	eude1234	True
Etulo	utr	etul1245	True
Etruscan	ett	etru1241	True
Eton-Mengisa	eto	eton1253	True
Esselen	esq	esse1238	True
Esimbi	ags	esim1238	True
Ese	mcq	esee1247	True
Ese Ejja	ese	esee1248	True
Esan	ish	esan1238	True
Ersu	ers	ersu1241	True
Epigraphic Mayan	emy	epig1241	True
Epena	sja	epen1239	True
English	eng	stan1293	True
Engenni	enn	enge1239	True
Enga	enq	enga1252	True
Emerillon	eme	emer1243	True
Emai-Iuleha-Ora	ema	emai1241	True
Emae	mmw	emae1237	True
Elip	ekm	elip1238	True
Eleme	elm	elem1253	True
Elamite	elx	elam1244	True
El Nayar Cora	crn	elna1235	True
El Molo	elo	elmo1238	True
Ekpeye	ekp	ekpe1253	True
Ekari	ekg	ekar1243	True
Ejagham	etu	ejag1239	True
Eipomek	eip	eipo1242	True
Egyptian Arabic	arz	egyp1253	True
Egyptian (Ancient)	egy	egyp1246	True
Eggon	ego	eggo1239	True
Efik	efi	efik1245	True
Efe	efe	efee1239	True
Edopi	dbf	edop1238	True
Edolo	etr	edol1239	True
Eblaite	xeb	ebla1238	True
Ebira	igb	ebir1243	True
Eastern Yiddish	ydd	east2295	True
Eastern Tamang	taj	east2347	True
Eastern Subanen	sfe	east2694	True
Eastern Pomo	peb	east2545	True
Eastern Penan	pez	east2485	True
Eastern Panjabi	pan	panj1256	True
Eastern Oromo	hae	east2652	True
Eastern Ojibwa	ojg	east2542	True
Eastern Newari	NOCODE_Dolakha-Newari	east2773	True
Eastern Magar	mgp	east2352	True
Eastern Low German	nds	nort2627	True
Eastern Lawa	lwl	east2330	True
Eastern Keres	kee	east1472	True
Eastern Kayah	eky	east2342	True
Eastern Huasteca Nahuatl	nhe	east2538	True
Eastern Egyptian Bedawi Arabic	avl	east2690	True
Eastern Cham	cjm	east2563	True
Eastern Bolivian Guaraní	gui	east2555	True
Eastern Balochi	bgp	east2304	True
Eastern Atadei	lmf	sout2896	True
Eastern Arrernte	aer	east2379	True
Eastern Armenian	hye	nucl1235	True
Eastern Abenaki	aaq	east2544	True
East-Central Tangkhul Naga	nmf	tang1336	True
East Taa	nmn	huaa1248	True
East Nyala	nle	east2409	True
East Makian	mky	east2440	True
East Kewa	kjs	east2516	True
East Ambae	omb	east2443	True
Early Irish	sga	oldi1245	True
Dâw	kwa	daww1239	True
Dzongkha	dzo	dzon1239	True
Dyula	dyu	dyul1238	True
Dyirbal	dbl	dyir1250	True
Dyangadi	dyn	dyan1250	True
Dutch	nld	dutc1256	True
Dusner	dsn	dusn1237	True
Duruwa	pci	duru1236	True
Duri	mvp	duri1242	True
Dura	drq	dura1244	True
Dupaninan Agta	duo	dupa1235	True
Dungar Varli	vav	varl1238	True
Dungan	dng	dung1253	True
Dumi	dus	dumi1241	True
Duhumbi	cvg	chug1252	True
Drung	duu	drun1238	True
Doyayo	dow	doya1240	True
Doromu-Koki	kqc	doro1266	True
Donno So Dogon	dds	donn1239	True
Dongxiang	sce	dong1285	True
Domung	dev	domu1246	True
Domari	rmt	doma1258	True
Dogul Dom Dogon	dbg	dogu1235	True
Dogrib	dgr	dogr1252	True
Dobu	dob	dobu1241	True
Dobel	kvo	dobe1238	True
Djingili	jig	djin1251	True
Djeebbana	djj	djee1236	True
Djambarrpuyngu	djr	djam1256	True
Dizin	mdx	dizi1235	True
Diuxi-Tilantongo Mixtec	xtd	diux1235	True
Diriku	diu	diri1252	True
Dirasha	gdl	dira1242	True
Dimli	diq	diml1238	True
Dime	dim	dime1235	True
Dimasa	dis	dima1251	True
Dii	dur	diii1241	True
Digor Ossetian	NOCODE_Digor-Ossetian	digo1242	True
Digo	dig	digo1243	True
Dieri	dif	dier1241	True
Didinga	did	didi1258	True
Dibole	bvx	dibo1245	True
Diandongbei-Large Flowery Miao	hmd	larg1235	True
Dhuwal	duj	dhuw1249	True
Dhundari	dhd	dhun1238	True
Dhofari Arabic	adf	dhof1235	True
Dhivehi	div	dhiv1236	True
Dhimal	dhi	dhim1246	True
Dhatki	mki	dhat1238	True
Dhao	nfa	dhao1237	True
Dhanki	dhn	dhan1264	True
Dhangu	dhg	dhan1270	True
Dezfuli-Shushtari	def	dezf1238	True
Desano	des	desa1247	True
Dera (Nigeria)	kna	dera1248	True
Dera (Indonesia)	kbv	dera1245	True
Deori	der	deor1238	True
Denya	anv	deny1238	True
Dehu	dhv	dehu1237	True
Degema	deg	dege1246	True
Defaka	afn	defa1248	True
Dazaga	dzg	daza1242	True
Darma	drd	darm1243	True
Dari	prs	dari1249	True
Darai	dry	dara1250	True
Danish	dan	dani1285	True
Dangaleat	daa	dang1274	True
Danau	dnu	dana1252	True
Dampelas	dms	damp1237	True
Dameli	dml	dame1241	True
Dakota	dak	dako1258	True
Dakaka	bpa	daka1243	True
Dahalo	dal	daha1245	True
Dahalik	dlk	daha1247	True
Dagik	dec	dagi1241	True
Dagbani	dag	dagb1246	True
Daga	dgz	daga1275	True
Daats'iin	dtn	daat1234	True
Daasanach	dsh	daas1238	True
Daai Chin	dao	daai1236	True
Da'a Kaili	kzf	daak1235	True
Czech	ces	czec1258	True
Cypriot Greek	NOCODE_Cypriot-Greek	cypr1249	True
Cypriot Arabic	acy	cypr1248	True
Cutchi-Swahili	ccl	cutc1238	True
Curripaco	kpc	curr1243	True
Cupeño	cup	cupe1243	True
Culina	cul	culi1244	True
Cuiba	cui	cuib1242	True
Cubeo	cub	cube1242	True
Crow	cro	crow1244	True
Cross River Mbembe	mfn	cros1244	True
Crimean Tatar	crh	crim1257	True
Creek	mus	cree1270	True
Cowlitz	cow	cowl1242	True
Cotabato Manobo	mta	cota1241	True
Cornish	cor	corn1251	True
Cori	cry	cori1240	True
Coptic	cop	copt1239	True
Copala Triqui	trc	copa1237	True
Copainalá Zoque	zoc	copa1236	True
Congo Swahili	swc	cong1236	True
Comox	coo	como1259	True
Comanche	com	coma1245	True
Comaltepec Chinantec	cco	coma1246	True
Columbia-Wenatchi	col	colu1241	True
Colonia Tovar German	gct	colo1254	True
Colombian Inga	inb	inga1252	True
Colloquial Malay	zlm	mala1479	True
Coeur d'Alene	crd	coeu1236	True
Cocos Islands Malay	coa	coco1260	True
Cocopa	coc	coco1261	True
Cochimi	coj	coch1272	True
Cocama-Cocamilla	cod	coca1259	True
Coatzospan Mixtec	miz	coat1241	True
Coatlán Mixe	mco	coat1238	True
Coastal-Virac Bikol	bln	sout2912	True
Coastal-Naga Bikol	bcl	cent2087	True
Coast Miwok	csi	coas1301	True
Coahuilteco	xcw	coah1252	True
Clatsop-Shoalwater Chinook	chh	chin1286	True
Classical Tibetan	xct	clas1254	True
Classical Syriac	syc	clas1252	True
Classical Nahuatl	nci	clas1250	True
Classical Mandaic	myz	clas1253	True
Classical Armenian	xcl	clas1249	True
Clallam	clm	clal1241	True
Cimbrian	cim	cimb1238	True
Cicipu	awc	cici1237	True
Cia-Cia	cia	ciac1237	True
Chácobo	cao	chac1251	True
Chuwabu	chw	chuw1238	True
Chuvash	chv	chuv1255	True
Chuukese	chk	chuu1238	True
Church Slavic	chu	chur1257	True
Chumburung	ncu	chum1261	True
Chukchi	ckt	chuk1273	True
Chuj	cac	chuj1250	True
Chrau	crw	chra1242	True
Chothe	nct	chot1239	True
Chortí	caa	chor1273	True
Chopi	cce	chop1243	True
Chong of Chanthaburi	cog	chon1284	True
Cholón	cht	chol1284	True
Cholti	NOCODE_Cholti	chol1283	True
Chol	ctu	chol1282	True
Choctaw	cho	choc1276	True
Chitwania Tharu	the	chit1274	True
Chitkuli Kinnauri	cik	chit1279	True
Chitimacha	ctm	chit1248	True
Chiru	cdf	chir1283	True
Chippewa	ciw	chip1241	True
Chipewyan	chp	chip1261	True
Chintang	ctn	chhi1245	True
Chinali	cih	chin1475	True
Chimwiini	NOCODE_Chimwiini	chim1312	True
Chimariko	cid	chim1301	True
Chimalapa Zoque	zoh	chim1300	True
Chimakum	xch	chim1310	True
Chilcotin	clc	chil1280	True
Chiga	cgg	chig1238	True
Chickasaw	cic	chic1270	True
Chichimeca-Jonaz	pei	chic1272	True
Chibcha	chb	chib1270	True
Chhattisgarhi	hne	chha1249	True
Cheyenne	chy	chey1247	True
Cherokee	chr	cher1273	True
Chepang	cdm	chep1245	True
Cheke Holo	mrn	chek1238	True
Chechen	che	chec1245	True
Che	ruk	chee1238	True
Chavacano	cbk	chav1241	True
Chaudangsi	cdn	chau1259	True
Chantyal	chx	chan1310	True
Chang Naga	nbc	chan1313	True
Chamorro	cha	cham1312	True
Chambeali	cdh	cham1307	True
Chamalal	cji	cham1309	True
Chaldean Neo-Aramaic	cld	chal1275	True
Chakali	cli	chak1271	True
Chak	ckh	chak1270	True
Chadong	cdy	chad1240	True
Chadian Arabic	shu	chad1249	True
Cha'palaa	cbi	chac1249	True
Central Tarahumara	tar	cent2131	True
Central Tagbanwa	tgt	cent2090	True
Central Siberian Yupik	ess	cent2128	True
Central Romani	rmc	carp1235	True
Central Pashto	pst	cent1973	True
Central Okinawan	ryu	cent2126	True
Central Ojibwa	ojc	cent2136	True
Central Nicobarese	ncb	cent1990	True
Central Moroccan Berber	tzm	cent2194	True
Central Mnong	cmo	cent1992	True
Central Mfumte	NOCODE_Central-Mfumte	cent2312	True
Central Melanau	mel	cent2101	True
Central Maewo	mwo	cent2058	True
Central Lembata-Lewokukun	lvu	levu1239	True
Central Kurdish	ckb	cent1972	True
Central Khmer	khm	cent1989	True
Central Kanuri	knc	cent2050	True
Central Kalapuya	kyl	kala1400	True
Central East Middle German	sxu	uppe1400	True
Central Chong	NOCODE_Central-Chong	cent2314	True
Central Cagayan Agta	agt	cent2084	True
Central Bontoc	lbk	cent2292	True
Central Bai	bca	cent2004	True
Central Aymara	ayr	cent2142	True
Central Asmat	cns	cent2117	True
Central Alemannic	gsw	swis1247	True
Central Alaskan Yupik	esu	cent2127	True
Cemuhî	cam	cemu1238	True
Celtiberian	xce	celt1247	True
Cebuano	ceb	cebu1242	True
Cayuga	cay	cayu1261	True
Cayubaba	cyb	cayu1262	True
Cavineña	cav	cavi1250	True
Catawba	chc	cata1286	True
Catalan	cat	stan1289	True
Casiguran-Nagtipunan Agta	dgc	casi1235	True
Cashibo-Cacataibo	cbr	cash1251	True
Carrier	crx	carr1249	True
Caribbean Javanese	jvn	cari1276	True
Caribbean Hindustani	hns	cari1275	True
Carian	xcr	cari1274	True
Car Nicobarese	caq	carn1240	True
Caquinte	cot	caqu1242	True
Cappadocian Greek	cpg	capp1239	True
Capanahua	kaq	capa1241	True
Cao Miao	cov	caom1238	True
Canela-Krahô	ram	cane1242	True
Candoshi-Shapra	cbu	cand1248	True
Camsá	kbh	cams1241	True
Campidanese Sardinian	sro	camp1261	True
Camling	rab	caml1239	True
Camarines Norte Agta	abd	cama1250	True
Cakfem-Mushere	cky	cakf1236	True
Cajun French	frc	caju1236	True
Cahuilla	chl	cahu1264	True
Caddo	cad	cadd1256	True
Cacaopera	ccr	caca1247	True
Caac	msq	caac1237	True
C'lela	dri	clel1238	True
Byangsi	bee	byan1241	True
Bwaidoka	bwd	bwai1242	True
Buwal	bhs	buwa1243	True
Bussa	dox	buss1239	True
Busoa	bup	buso1238	True
Bushoong	buf	bush1247	True
Busa	bqp	busa1253	True
Burushaski	bsk	buru1296	True
Buru (Indonesia)	mhs	buru1303	True
Burmeso	bzu	burm1264	True
Burmese	mya	nucl1310	True
Burji	bji	burj1242	True
Bure	bvh	bure1242	True
Burarra	bvr	bura1267	True
Bura-Pabir	bwr	bura1292	True
Buol	blf	buol1237	True
Bunun	bnn	bunu1267	True
Bunoge Dogon	dgb	buno1241	True
Bundeli	bns	bund1253	True
Bunan	bfu	gahr1239	True
Bunama	bdd	buna1276	True
Bunak	bfn	buna1278	True
Bunaba	bck	buna1275	True
Bumthangkha	kjz	bumt1240	True
Bulu (Cameroon)	bum	bulu1251	True
Bullom So	buy	bull1247	True
Buli (Ghana)	bwu	buli1254	True
Bulgarian	bul	bulg1262	True
Bukusu	bxk	buku1249	True
Bukiyip	ape	buki1249	True
Bujhyal	byh	bujh1238	True
Buhutu	bxh	buhu1237	True
Bugun	bgg	bugu1246	True
Buginese	bug	bugi1244	True
Bughotu	bgt	bugh1239	True
Bugawac	buk	buga1250	True
Bugan	bbh	buga1247	True
Budukh	bdk	budu1248	True
Budu	buu	budu1250	True
Bube	bvb	bube1242	True
Bu-Nao Bunu	bwx	buna1273	True
Brokskat	bkk	brok1247	True
Brokpake	sgt	brok1248	True
Breton	bre	bret1244	True
Braj	bra	braj1242	True
Brahui	brh	brah1256	True
Bouyei	pcc	bouy1240	True
Botolan Sambal	sbl	boto1242	True
Bororo	bor	boro1282	True
Borong	ksr	boro1279	True
Boro (Ethiopia)	bwo	boro1277	True
Bori-Karko	adi	bori1243	True
Borei	gai	bore1247	True
Border Kuna	kvn	bord1248	True
Borana-Arsi-Guji Oromo	gax	bora1271	True
Bora	boa	bora1263	True
Bongo	bot	bong1285	True
Bonggi	bdg	bong1289	True
Bondo	bfw	bond1245	True
Bondei	bou	bond1247	True
Bonan	peh	bona1250	True
Bom-Kim	bmf	bomk1234	True
Bolinao	smk	boli1256	True
Bolgo	bvo	bolg1251	True
Bole	bol	nucl1695	True
Bola	bnp	bola1250	True
Bokyi	bky	boky1238	True
Bohtan Neo-Aramaic	bhn	boht1238	True
Bodo-Mech	brx	bodo1269	True
Bodo Gadaba	gbj	bodo1267	True
Bobongko	bgb	bobo1255	True
Bobangi	bni	bang1354	True
Blagar	beu	blag1240	True
Blablanga	blp	blab1237	True
Biwat	bwm	biwa1243	True
Bisu	bzi	bisu1244	True
Bissa	bib	biss1248	True
Bishnupuriya	bpy	bish1244	True
Birri	bvq	birr1240	True
Birrdhawal	ihw	gana1268	True
Binumarien	bjr	binu1245	True
Binongan Itneg	itb	bino1237	True
Bininj Kun-Wok	gup	gunw1252	True
Bini	bin	bini1246	True
Bine	bon	bine1240	True
Binandere	bhg	bina1277	True
Bimoba	bim	bimo1239	True
Bimin	bhl	bimi1240	True
Bilua	blb	bilu1245	True
Biloxi	bll	bilo1248	True
Bilin	byn	bili1260	True
Bila	bip	bila1255	True
Bih	ibh	biha1246	True
Big Nambas	nmb	bign1238	True
Bierebo	bnk	bier1244	True
Biangai	big	bian1252	True
Biali	beh	bial1238	True
Biak	bhw	biak1248	True
Biafada	bif	biaf1240	True
Bhoti Kinnauri	nes	bhot1235	True
Bhojpuri	bho	bhoj1244	True
Bhili	bhb	bhil1251	True
Bezhta	kap	bezh1248	True
Betoi-Jirara	NOCODE_Betoi	beto1236	True
Betawi	bew	beta1252	True
Berta	wti	bert1248	True
Beria	zag	zagh1240	True
Berau Malay	bve	bera1262	True
Bengali	ben	beng1280	True
Benga	bng	beng1282	True
Beng	nhb	beng1286	True
Benabena	bef	bena1264	True
Bena (Tanzania)	bez	bena1262	True
Ben Tey Dogon	dbt	bent1238	True
Bembe	bmb	bemb1255	True
Bemba (Zambia)	bem	bemb1257	True
Bella Coola	blc	bell1243	True
Beli (Sudan)	blm	beli1257	True
Belhariya	byw	belh1239	True
Belep	yly	nyal1254	True
Belarusian	bel	bela1254	True
Belanda Viri	bvi	bela1255	True
Belanda Bor	bxb	bela1256	True
Bekwarra	bkv	bekw1241	True
Beja	bej	beja1238	True
Befang	bby	befa1241	True
Bebele	beb	bebe1248	True
Bebe	bzv	bebe1250	True
Beaver	bea	beav1236	True
Baybayanon	bvy	bayb1234	True
Bawm Chin	bgr	bawm1236	True
Bavarian	bar	bava1246	True
Baure	brg	baur1253	True
Bauni	bpe	wara1302	True
Batuley	bay	batu1258	True
Bats	bbl	bats1242	True
Bati (Cameroon)	btc	bati1251	True
Bathari	bhm	bath1244	True
Batanga	bnm	bata1285	True
Batak Toba	bbc	bata1289	True
Batak Karo	btx	bata1293	True
Batak Alas-Kluet	btz	bata1292	True
Batad Ifugao	ifb	bata1298	True
Bassari-Tanda	bsc	bass1258	True
Basque	eus	basq1248	True
Bashkir	bak	bash1264	True
Bashkardi	bsg	bash1263	True
Basay	byq	basa1287	True
Basa (Nigeria)	bzw	basa1282	True
Basa (Cameroon)	bas	basa1284	True
Barí	mot	bari1297	True
Baré	bae	bare1276	True
Baruya	byr	baru1267	True
Baruga	bjz	baru1269	True
Barok	bjk	baro1253	True
Bariai	bch	bari1286	True
Bari	bfa	bari1284	True
Bargam	mlp	barg1252	True
Bardi	bcj	bard1255	True
Barbareño	boi	barb1263	True
Barain	bva	bare1279	True
Barai	bbb	nucl1630	True
Barabayiiga-Gisamjanga	tcc	dato1239	True
Baraamu	brd	bara1357	True
Baoulé	bci	baou1238	True
Bantawa	bap	bant1281	True
Bannoni	bcm	bann1247	True
Bankan Tey Dogon	dbw	bank1259	True
Baniva de Maroa	gae	guar1293	True
Bangime	dba	bang1363	True
Banggarla	bjb	bang1339	True
Bandial	bqj	band1340	True
Bandi	bza	band1352	True
Bamun	bax	bamu1253	True
Bambili-Bambui	baw	bamb1266	True
Bambassi	myf	bamb1262	True
Bambara	bam	bamb1269	True
Bambam	ptu	bamb1270	True
Bambalang	bmo	bamb1265	True
Baltic Romani	rml	balt1257	True
Balti	bft	balt1258	True
Balkan Romani	rmn	balk1252	True
Balinese	ban	bali1278	True
Balantak	blz	bala1315	True
Balanta-Kentohe	ble	bala1301	True
Balanta-Ganja	bjt	bala1302	True
Balangingi	sse	bala1311	True
Balangao	blw	bala1310	True
Bakole	kme	bako1250	True
Bakoko	bkh	bako1249	True
Baki	bki	baki1244	True
Bakhtiari	bqi	bakh1245	True
Bajan	bjs	baja1265	True
Baiso	bsw	bais1246	True
Baikeno	bkx	baik1238	True
Bahing	bhj	bahi1252	True
Bahinemo	bjh	bahi1254	True
Baharna Arabic	abv	baha1259	True
Baha Buyang	yha	baha1256	True
Bagri	bgq	bagr1243	True
Bagirmi	bmi	bagi1246	True
Baga Sitemu	bsp	baga1272	True
Baga Koga	bgo	baga1273	True
Bafut	bfd	bafu1246	True
Bafia	ksf	bafi1243	True
Bafaw-Balong	bwt	bafa1247	True
Bafanji	bfj	bafa1249	True
Bade	bde	bade1248	True
Bactrian	xbc	bact1239	True
Babuza	bzg	babu1240	True
Babine	bcr	babi1235	True
Babatana	baa	baba1268	True
Babanki	bbk	baba1266	True
Baba	bbw	baba1264	True
Baba Malay	mbf	baba1267	True
Baa	kwb	kwaa1262	True
Ayutla Mixtec	miy	ayut1236	True
Ayoreo	ayo	ayor1240	True
Ayacucho Quechua	quy	ayac1239	True
Axamb	ahb	axam1237	True
Awutu	afu	awut1241	True
Awtuw	kmn	awtu1239	True
Awngi	awn	awng1244	True
Awjilah	auj	awji1241	True
Awiyaana	auy	awiy1238	True
Awiakay-Karimba	NOCODE_Awiakay	awia1234	True
Awetí	awe	awet1244	True
Aweer	bob	awee1242	True
Awara	awx	awar1248	True
Awar	aya	awar1249	True
Awadhi	awa	awad1243	True
Awad Bing	bcu	awad1244	True
Awabakal	awk	awab1243	True
Awa-Cuaiquer	kwi	awac1239	True
Awa (Papua New Guinea)	awb	awap1236	True
Avokaya	avu	avok1242	True
Avava	tmb	katb1237	True
Avatime	avn	avat1244	True
Avar	ava	avar1256	True
Auye	auu	auye1238	True
Aushi	auh	aush1241	True
Aukan	djk	ndyu1242	True
Au	avt	auuu1241	True
Atzingo Matlatzinca	ocu	atzi1235	True
Atsugewi	atw	atsu1245	True
Atong (India)	aot	aton1241	True
Atikamekw	atj	atik1240	True
Ati	atk	atii1237	True
Athpariya	aph	athp1241	True
Atayal	tay	atay1247	True
Atakapa	aqp	atak1252	True
Ata Manobo	atd	atam1240	True
Asuri	asr	asur1254	True
Asu (Tanzania)	asa	asut1235	True
Assyrian Neo-Aramaic	aii	assy1241	True
Assiniboine	asb	assi1247	True
Assamese	asm	assa1263	True
Ashéninka Perené	prq	ashe1272	True
Asho Chin	csh	asho1236	True
Ashkun	ask	ashk1246	True
Arta	atz	arta1239	True
Arosi	aia	aros1241	True
Arop-Sissano	aps	arop1242	True
Arop-Lokep	apr	arop1243	True
Aromanian	rup	arom1237	True
Arizona Tewa	NOCODE_Arizona-Tewa	ariz1237	True
Arikara	ari	arik1262	True
Arigidi	aqg	arig1246	True
Aribwatsa	laz	arib1241	True
Arhuaco	arh	arhu1242	True
Argobba	agj	argo1244	True
Arequipa-La Unión Quechua	qxu	areq1237	True
Are	mwc	aree1239	True
Archi	aqc	arch1244	True
Archaic Angloromani	rme	angl1239	True
Arbore	arv	arbo1245	True
Arapaho	arp	arap1274	True
Araona	aro	arao1248	True
Arammba	stk	aram1253	True
Araki	akr	arak1252	True
Apurinã	apu	apur1254	True
Apma	app	apma1240	True
Apinayé	apn	apin1244	True
Apatani	apt	apat1240	True
Apalaí	apy	apal1257	True
Apalachee	xap	apal1237	True
Ap Ma	kbx	apma1241	True
Ao Naga	njo	aona1235	True
Anuta	aud	anut1237	True
Anufo	cko	anuf1239	True
Anuak	anu	anua1242	True
Anu	anl	anuu1241	True
Antigua and Barbuda Creole English	aig	anti1245	True
Anta-Komnzo-Wára-Wérè	tci	wara1294	True
Anindilyakwa	aoi	anin1240	True
Anii	blo	anii1245	True
Ani Phowa	ypn	anip1235	True
Angor	agg	ango1254	True
Angolar	aoa	ango1258	True
Angami Naga	njm	anga1288	True
Angal Heneng	akh	anga1292	True
Aneityum	aty	anei1239	True
Andegerebinha	adg	ande1247	True
Andalusian Arabic	xaa	anda1287	True
Ancient North Arabian	xna	anci1245	True
Ancient Hebrew	hbo	anci1244	True
Ancient Greek	grc	anci1242	True
Anamuxra	imi	anam1248	True
Amurdak	amg	amar1271	True
Amur Nivkh	niv	gily1242	True
Amo	amo	amoo1242	True
Amkoe	huc	hoaa1235	True
Amis	ami	amis1246	True
Ami	amy	amii1238	True
Amharic	amh	amha1245	True
Amele	aey	amel1241	True
Amdo Tibetan	adx	amdo1237	True
Ambonese Malay	abs	ambo1250	True
Ambai	amk	amba1265	True
Amatlán Zapotec	zpo	amat1238	True
Amara	aie	amar1272	True
Amanab	amn	aman1265	True
Amam	NOCODE_Amam	amam1246	True
Ama (Papua New Guinea)	amm	amap1240	True
Alyawarr	aly	alya1239	True
Alviri-Vidari	avd	alvi1241	True
Alutor	alr	alut1245	True
Alur	alz	alur1250	True
Alsea-Yaquina	aes	alse1251	True
Alorese	aol	alor1247	True
Algonquin	alq	algo1255	True
Algerian Arabic	arq	alge1239	True
Alekano	gah	alek1238	True
Ale	gwd	gaww1239	True
Alawa	alh	alaw1244	True
Alamuti	goz	goza1238	True
Alamblak	amp	alam1246	True
Alagwa	wbj	alag1248	True
Alacatlatzala Mixtec	mim	alac1244	True
Alabat Island Agta	dul	alab1246	True
Alabama	akz	alab1237	True
Alaba-K'abeena	alw	alab1254	True
Akuntsu	aqz	akun1241	True
Akum	aku	akum1238	True
Akoye	miw	akoy1238	True
Akoose	bss	akoo1248	True
Aklanon	akl	akla1240	True
Akkadian	akk	akka1240	True
Akie	mwy	mosi1247	True
Akhvakh	akv	akhv1239	True
Akha	ahk	akha1245	True
Akei	tsr	akei1237	True
Akawaio	ake	akaw1239	True
Akateko	knj	west2635	True
Akan	aka	akan1250	True
Aka-Kora	ack	akak1251	True
Aka-Jeru	akj	akaj1239	True
Aka-Bea	abj	akab1249	True
Ajyíninka Apurucayali	cpc	ajyi1238	True
Ajië	aji	ajie1238	True
Aja (Benin)	ajg	ajab1235	True
Ainu (China)	aib	ainu1251	True
Ahom	aho	ahom1240	True
Ahanta	aha	ahan1243	True
Agutaynen	agn	agut1237	True
Agusan Manobo	msm	agus1235	True
Aguaruna	agr	agua1253	True
Aguacateco	agu	agua1252	True
Agob	kit	agob1244	True
Aghwan	xag	aghw1237	True
Aghu	ahh	aghu1255	True
Aghu Tharnggalu	ggr	aghu1254	True
Aghem	agq	aghe1239	True
Agarabi	agd	agar1252	True
Afrikaans	afr	afri1274	True
Afar	aar	afar1241	True
Aekyom	awi	aeky1238	True
Adzera	adz	adze1240	True
Adyghe	ady	adyg1241	True
Adonara	adr	adon1237	True
Adnyamathanha	adt	adny1235	True
Adilabad Gondi	wsg	utno1237	True
Adangme	ada	adan1247	True
Adangbe	adq	adan1248	True
Adang	adn	adan1251	True
Adamawa Fulfulde	fub	adam1253	True
Acoli	ach	acol1236	True
Achumawi	acv	achu1247	True
Achuar-Shiwiar	acu	achu1248	True
Acheron	acz	ache1245	True
Acehnese	ace	achi1257	True
Acatepec Me'phaa	tpx	acat1239	True
Abé	aba	abee1242	True
Abun	kgr	abun1252	True
Abui	abz	abui1241	True
Abu' Arapesh	aah	abua1245	True
Abron	abr	abro1238	True
Abkhazian	abk	abkh1244	True
Abenlen Ayta	abp	aben1249	True
Abaza	abq	abaz1241	True
Abau	aau	abau1245	True
Abadi	kbt	abad1241	True
Aari	aiw	aari1239	True
A'ou	aou	aoua1234	True
//Xegwi	xeg	xegw1238	True
//Ani	hnh	anii1246	True
'Are'are	alu	area1240	True
Ömie	aom	omie1241	False
Záparo	zro	zapa1253	False
Zayse-Zergulla	zay	zays1235	False
Zarma-Kaado	dje	zarm1239	False
Yulu	yul	yulu1243	False
Yulparija	NOCODE_Yulparija	yulp1239	False
Yorta Yorta	xyy	yort1237	False
Yiwom	gek	yiwo1237	False
Yinggarda	yia	ying1247	False
Yindjibarndi	yij	yind1247	False
Yerukula	yeu	yeru1240	False
Yawa	yva	nucl1454	False
Yandruwandha	ynd	yand1253	False
Yalarnnga	ylr	yala1262	False
Yagara-Jandai	NOCODE_Yagara	yaga1256	False
Yaeyama	rys	yaey1239	False
Wulguru	qgu	wulg1239	False
Wu Chinese	wuu	wuch1236	False
Worodougou	jud	woro1256	False
Wolof	wol	nucl1347	False
Woiwurrung	wyi	woiw1237	False
Wiru	wiu	wiru1244	False
Wirangu	wgu	wira1265	False
Wilson River (Grey Range)	nbx	ngur1261	False
Wik-Mungkan	wim	wikm1247	False
Western Victoria	NOCODE_Western-Victoria	west2443	False
Western Sisaala	ssl	west2465	False
Western Muria	mut	west2408	False
Western Lawa	lcp	west2396	False
Western Kayah	kyu	west2409	False
Western Canadian Inuktitut	ikt	west2618	False
Wayu	vay	wayu1241	False
Wathawurrung	wth	wath1238	False
Warumungu	wrm	waru1265	False
Warrnambool	gjm	warr1257	False
Warrgamay	wgy	warr1255	False
Warlmanpa	wrl	warl1255	False
Wanman	wbt	wanm1242	False
Walser	wae	wals1238	False
Wakhi	wbl	wakh1245	False
Wakawaka	wkw	waka1274	False
Wajarri	wbv	waja1257	False
Waffa	waj	waff1241	False
Waddar	wbq	wadd1237	False
Votic	vot	voti1245	False
Vincentian Creole English	svc	vinc1243	False
Vietnamese	vie	viet1252	False
Venetic	xve	vene1257	False
Vai	vai	vaii1241	False
Vaal-Orange	kqu	vaal1235	False
Urartian	xur	urar1245	False
Uncunwee	ghl	ghul1238	False
Udihe	ude	udih1248	False
Tày	tyz	tayy1238	False
Turks And Caicos Creole English	tch	turk1310	False
Turkic Khalaj	klj	turk1303	False
Tunumiisiut	NOCODE_Tunumiisiut	tunu1234	False
Tungurahua Highland Quichua	qxl	sala1272	False
Tulu	tcy	tulu1258	False
Tsamai	tsb	tsam1247	False
Torres Strait Creole	tcs	torr1261	False
Toro Tegu Dogon	dtt	toro1253	False
Toma	tod	toma1245	False
Toda	tcx	toda1252	False
Timor Pidgin	tvy	timo1258	False
Timbe	tim	timb1251	False
Thurawal	tbh	thur1254	False
Telugu	tel	telu1262	False
Tayo	cks	tayo1238	False
Tatar	tat	tata1255	False
Tanudan Kalinga	kml	lowe1412	False
Tangwang	NOCODE_Tangwang	tang1373	False
Tairuma	uar	tair1256	False
Taiga Sayan Turkic	kim	kara1462	False
Tai Dón	twh	taid1250	False
Tagish	tgx	tagi1240	False
Tacana	tna	taca1256	False
Sìcìté Sénoufo	sep	sici1249	False
Susu	sus	susu1250	False
Surigaonon	sgd	suri1273	False
Surgut Khanty	NOCODE_Surgut-Khanty	surg1248	False
Sui	swi	suii1243	False
Southern Conchucos Ancash Quechua	qxo	sout2992	False
Southern Amami-Oshima	ams	sout2954	False
Southern Altai	alt	sout2694	False
Southeast Ijo	ijs	sout2774	False
South Fali	fal	sout2782	False
South Bolivian Quechua	quh	sout2991	False
Sinasina	sst	sina1271	False
Siawi	mmp	siaw1243	False
Shumashti	sts	shum1235	False
Shuar	jiv	shua1257	False
Shina	scl	shin1264	False
She	shx	shee1238	False
Shan	shn	shan1277	False
Serua	srw	seru1245	False
Seke (Nepal)	skj	seke1240	False
Sea Island Creole English	gul	gull1241	False
Scots	sco	scot1243	False
Scanian	scy	scan1238	False
Saya	say	saya1246	False
Savi	sdg	savi1242	False
Saurashtra	saz	saur1248	False
Sartang	onp	sart1249	False
Sarangani Blaan	bps	sara1326	False
Sanumá	xsu	sanu1240	False
Sangir	sxn	sang1336	False
Sandawe	sad	sand1273	False
San Martín Quechua	qvs	sanm1289	False
San Juan Atzingo Popoloca	poe	sanj1285	False
Samo	smq	samo1303	False
Safeyoka	apz	safe1240	False
Réunion Creole French	rcf	reun1238	False
Russia Buriat	bxr	russ1264	False
Rimanggudinhma	zmv	mbar1253	False
Rapoisi	kyx	rapo1238	False
Rao	rao	raoo1244	False
Rade	rad	rade1240	False
Quinault	qun	quin1251	False
Purepecha	tsz	pure1242	False
Pumé	yae	pume1238	False
Pulaar	fuc	pula1263	False
Prai	prt	phai1238	False
Pottangi Ollar Gadaba	gdb	pott1240	False
Pontic	pnt	pont1253	False
Polci	plj	polc1243	False
Pitta Pitta	pit	pitt1247	False
Pitcairn-Norfolk	pih	pitc1234	False
Pintupi-Luritja	piu	pint1250	False
Pinai-Hagahai	pnn	pina1252	False
Piemontese	pms	piem1238	False
Phalura	phl	phal1254	False
Peñoles Mixtec	mil	peno1244	False
Peripheral Mongolian	mvf	peri1253	False
Pengo	peg	peng1244	False
Patep	ptp	pate1247	False
Paniya	pcg	pani1256	False
Pamplona Atta	att	pamp1244	False
Pacaraos Quechua	qvp	paca1245	False
Orokaiva	okv	orok1269	False
Orok	oaa	orok1265	False
Oro Win	orw	orow1243	False
Older Runic	NOCODE_Older-Runic	olde1239	False
Old Uighur	oui	oldu1238	False
Old Tamil	oty	oldt1248	False
Old Sabellic	qhr	sabe1248	False
Oirad-Kalmyk-Darkhat	xal	kalm1243	False
Oinam	NOCODE_Oinam	-	False
Nyunga	nys	nyun1247	False
Nyiyaparli	xny	nija1241	False
Nyawaygi	nyt	nyaw1247	False
Nyaheun	nev	nyah1249	False
Nung (Viet Nam)	nut	nung1283	False
Nugunu (Cameroon)	yas	nugu1242	False
Norwegian	nor	norw1258	False
Northwest Gbaya	gya	nort2775	False
Northern Thai	nod	nort2740	False
Northern Sami	sme	nort2671	False
Northern One	onr	nort2907	False
Northern Hmong	NOCODE_Northern-Hmong	nort3244	False
Northern Frisian	frr	nort2626	False
Northern Conchucos Ancash Quechua	qxn	nort2979	False
North Junín Quechua	qvn	nort2980	False
North Azerbaijani	azj	nort2697	False
Nogai	nog	noga1249	False
Nii	nii	niii1240	False
Nigerian Pidgin	pcm	nige1257	False
Niellim	nie	niel1243	False
Nhanda	nha	nhan1238	False
Ngarluma	nrl	ngar1287	False
Ngarla on the Ashburton river south of the Hamersley range	nrk	ngar1296	False
Ngamo	nbh	ngam1282	False
Ngadjunmaya	nju	ngad1258	False
Ngad'a	nxg	ngad1261	False
Narrinyeri	nay	narr1259	False
Nanai	gld	nana1257	False
Nama (Namibia)	naq	nama1264	False
Nalca	nlc	nalc1240	False
Najanga-Kindige	dbu	bond1248	False
Nahenic	NOCODE_Nahenic	nahe1238	False
Muthuvan	muv	muth1236	False
Muong	mtq	muon1246	False
Muduga	udg	mudu1239	False
Mudhili Gadaba	gau	mudh1235	False
Mpi	mpz	mpii1239	False
Mountain Koiali	kpx	moun1252	False
Mossi	mos	moss1236	False
Mongolia Buriat	bxm	mong1330	False
Moklen	mkm	mokl1243	False
Miyako	mvi	miya1259	False
Mirandese	mwl	mira1251	False
Millcayac	NOCODE_Millcayac	mill1237	False
Migabac	mpp	miga1241	False
Middle Chinese	ltc	midd1344	False
Melpa	med	melp1238	False
Mbere-Mbamba	mdt	mber1257	False
Mbabaram	vmb	mbab1239	False
Martuthunira	vma	mart1255	False
Maring	mbw	mari1435	False
Maria (India)	mrr	mari1414	False
Mar Paharia of Dumka	mkb	malp1246	False
Mapudungun	arn	mapu1245	False
Mape	mlh	mape1249	False
Mannan	mjv	mann1246	False
Mangghuer	NOCODE_Mangghuer	minh1238	False
Mandinka	mnk	mand1436	False
Mandeali	mjl	mand1409	False
Manda (India)	mha	mand1413	False
Manchu	mnc	manc1252	False
Male (Ethiopia)	mdy	male1284	False
Malba Birifor	bfo	malb1235	False
Malaweg	NOCODE_Malaweg	mala1534	False
Malacca-Batavia Portuguese Creole	mcm	mala1533	False
Makah	myh	maka1318	False
Mak (China)	mkg	makc1235	False
Maijiki	ore	orej1242	False
Magahi	mag	maga1260	False
Mag-Anchi Ayta	sgb	maga1263	False
Macanese	mzs	maca1262	False
Lydian	xld	lydi1241	False
Lycian A	xlc	lyci1241	False
Lower-Nosop	nsb	lowe1407	False
Lower Riverland	NOCODE_Lower-Riverland	lowe1402	False
Lombard	lmo	lomb1257	False
Lodhi	lbm	lodh1246	False
Linngithigh	lnj	leni1238	False
Ligurian	lij	ligu1248	False
Ligbi	lig	ligb1244	False
Libido	liq	libi1250	False
Lembena	leq	lemb1266	False
Late Middle Indo-Aryan	NOCODE_Middle-Indo-Aryan	midd1350	False
Lardil	lbz	lard1243	False
Lambadi	lmn	lamb1269	False
Kwoma	kmo	kwom1262	False
Kven Finnish	fkv	kven1236	False
Kuvi	kxv	kuvi1243	False
Kuungkari of Barcoo River	lku	kuun1236	False
Kurrama	vku	kurr1243	False
Kupia	key	kupi1238	False
Kuo	xuo	kuoo1238	False
Kumarbhag Paharia	kmj	kuma1274	False
Kuman	kue	kuma1280	False
Kullu Pahari	kfx	kull1236	False
Kuku-Muminh	xmh	kuku1283	False
Kriol	rop	krio1252	False
Krio	kri	krio1253	False
Koya	kff	koya1251	False
Kotia-Adivasi Oriya-Desiya	ort	adiv1239	False
Korra Koraga	kfd	korr1238	False
Koorete	kqy	koor1239	False
Konkan Marathi	knn	konk1267	False
Konda-Dora	kfc	kond1295	False
Komi-Zyrian	kpv	komi1268	False
Koko Dhawa	NOCODE_Koko-Dhawa	koko1272	False
Kokata	ktd	koka1244	False
Kok-Nar	gko	kokn1236	False
Koitabu	kqi	koit1244	False
Kofyar	kwl	kofy1242	False
Koenoem	kcs	koen1239	False
Kodava	kfa	koda1255	False
Koda	cdz	koda1236	False
Klao	klu	klao1243	False
Kitan	zkt	kita1247	False
Kirghiz	kir	kirg1245	False
Kipchak Urum	uum	urum1249	False
Kilen	NOCODE_Kilen	kile1243	False
Kharia Thar	ksy	khar1283	False
Khandesi	khn	khan1272	False
Khamnigan Mongol	NOCODE_Khamnigan-Mongol	kham1281	False
Khamba	kbg	kham1283	False
Kemtuik	kmt	kemt1242	False
Kemak	kem	kema1243	False
Kazym-Berezover-Suryskarer Khanty	kca	khan1273	False
Kazakh	kaz	kaza1248	False
Kawarrang-Ogh Undjan	NOCODE_Kawarrang-Ogh-Undjan	kawa1290	False
Katso	kaf	kats1235	False
Kashubian	csb	kash1274	False
Kariyarra	vka	kari1304	False
Kaningdon-Nindem	kdp	kani1277	False
Kanikkaran	kev	kani1275	False
Kamas-Koibal	xas	kama1351	False
Kalkoti	xka	kalk1245	False
Kaki Ae	tbd	kaki1249	False
Kahua	agw	kahu1241	False
Kachi Koli	gjk	kach1272	False
Kachchi	kfr	kach1277	False
Kabuverdianu	kea	kabu1256	False
Kabikabi	gbw	kabi1260	False
Jumjum	jum	jumj1238	False
Jejueo	jje	jeju1234	False
Jaqaru	jqr	jaqa1244	False
Itawit	itv	itaw1240	False
Italian	ita	ital1282	False
Irula of the Nilagiri	iru	irul1243	False
Indus Kohistani	mvy	indu1241	False
Inari Sami	smn	inar1241	False
Inabaknon	abx	inab1237	False
Imbongu	imo	imbo1238	False
Imbabura Highland Quichua	qvi	imba1240	False
Ilongot	ilk	ilon1239	False
Ili Turki	ili	ilit1241	False
Ikaranggal	ikr	ikar1243	False
Iau	tmu	iauu1242	False
Huarijio	var	huar1255	False
Huambisa	hub	huam1247	False
Hre	hre	hree1244	False
Hmong Njua	hnj	hmon1264	False
Hlai	lic	hlai1239	False
Heiltsuk-Oowekyala	hei	heil1246	False
Hdi	xed	hdii1240	False
Hazaragi	haz	haza1239	False
Hawkesbury	xda	hawk1239	False
Hawai'i Creole English	hwc	hawa1247	False
Hausa States Fulfulde	fuv	nige1253	False
Haroi	hro	haro1237	False
Hamer-Banna	amf	hame1242	False
Halh Mongolian	khk	halh1238	False
Halang	hal	hala1252	False
Haitian	hat	hait1244	False
Guyanese Creole English	gyn	creo1235	False
Guugu Yimidhirr	kky	gugu1255	False
Gurinji	gue	guri1247	False
Gurdjar	gdj	gurd1238	False
Gujari	gju	guja1253	False
Guianese Creole French	gcr	guia1246	False
Guhu-Samane	ghs	guhu1244	False
Gugubera	kkp	gugu1254	False
Gugu Badhun	gdc	gugu1253	False
Guerrero Amuzgo	amu	guer1243	False
Grenadian Creole English	gcl	gren1247	False
Gogodala	ggw	gogo1265	False
Gofa	gof	gofa1235	False
Godié	god	godi1239	False
Girawa	bbr	gira1247	False
Ghanaian Pidgin English	gpe	ghan1244	False
Gbaya-Bossangoa	gbp	gbay1287	False
Garhwali	gbm	garh1243	False
Ganza	gza	ganz1246	False
Gangou	NOCODE_Gangou	gang1272	False
Ganggalida	gcd	gang1267	False
Gambian Wolof	wof	gamb1252	False
Gadsup	gaj	gads1258	False
Friulian	fur	friu1240	False
Forest Nenets	NOCODE_Forest-Nenets	fore1274	False
Forest Enets	enf	fore1265	False
Folopa	ppo	folo1238	False
Fiji Hindi	hif	fiji1242	False
Fe'fe'	fmp	fefe1239	False
Fayu	fau	fayu1238	False
Ewage-Notu	nou	ewag1241	False
Evenki	evn	even1259	False
Even	eve	even1260	False
Estonian	ekk	esto1258	False
Erzya	myv	erzy1239	False
Eravallan	era	erav1242	False
Emberá-Catío	cto	embe1260	False
Eastern Puroik	suv	sulu1241	False
Eastern Mnong	mng	east2333	False
Eastern Meohang	emg	east2357	False
Eastern Mari	mhr	east2328	False
Eastern Canadian Inuktitut	ike	east2534	False
Eastern Bru	bru	east2332	False
East Yugur	yuy	east2337	False
Dyaabugay	dyy	dyaa1242	False
Duvle	duv	duvl1242	False
Duna	duc	duna1248	False
Domaaki	dmk	doma1260	False
Dom	doa	domm1246	False
Dolgan	dlg	dolg1241	False
Dogri	dgo	dogr1250	False
Djiwarli	dze	djiw1241	False
Ditidaht	dtd	diti1235	False
Dhurga	dhu	dhur1239	False
Dhudhuroa	ddr	dhud1236	False
Dharumbal	xgm	dhar1248	False
Dhargari	dhr	dhar1247	False
Dhalandji	dhl	dhal1245	False
Dawro	dwr	dawr1236	False
Dass	dot	dass1243	False
Dar Daju Daju	djc	dard1243	False
Dandami Maria	daq	dand1238	False
Dan	daf	dann1241	False
Daman-Diu Portuguese	idb	dama1278	False
Dalmatian	dlm	dalm1243	False
Dakpakha	dka	dakp1242	False
Dagur	dta	daur1238	False
Dadibi	mps	dadi1250	False
Daba	dbq	nucl1683	False
Cusco Quechua	quz	cusc1236	False
Cua	cua	cuaa1241	False
Creolized Grand Ronde Chinook Jargon	chn	chin1272	False
Continental Southern Italian	nap	neap1235	False
Condamine-Upper Clarence	gih	cond1242	False
Cofán	con	cofa1242	False
Chulym Turkic	clw	chul1246	False
Chuave	cjv	chua1250	False
Chru	cje	chru1239	False
Chocangacakha	cgk	choc1275	False
Chittagonian	ctg	chit1275	False
China Buriat	bxu	chin1476	False
Chenchu	cde	chen1255	False
Chakma	ccp	chak1266	False
Chagatai	chg	chag1247	False
Central-Eastern Niger Fulfulde	fuq	cent2018	False
Central Tunebo	tuf	cent2150	False
Central Sama	sml	cent2092	False
Central Mansi	NOCODE_Central-Mansi	cent2322	False
Central Dagaare	dga	sout2789	False
Cameroon Pidgin	wes	came1254	False
Caluyanun	clu	calu1238	False
Cabécar	cjp	cabe1245	False
Bunganditj	xbg	bung1264	False
Bulo Stieng	sti	bulo1242	False
Bularnu	NOCODE_Bularnu	bula1255	False
Bukharic	bhh	bukh1238	False
Brooke's Point Palawano	plw	broo1239	False
Brao	brb	lave1249	False
Bolivar-North Chimborazo Highland Quichua	qug	chim1302	False
Bokar-Ramo	NOCODE_Bokar	boka1249	False
Bo-Ung	mux	boun1245	False
Blang	blr	blan1242	False
Bislama	bis	bisl1239	False
Biri	bzr	biri1256	False
Bhadrawahi	bhd	bhad1241	False
Betta Kurumba	xub	bett1235	False
Berik	bkl	beri1254	False
Berbice Creole Dutch	brc	berb1259	False
Bench	bcq	benc1235	False
Belize Kriol English	bzj	beli1260	False
Bayungu	bxj	bayu1240	False
Bauzi	bvz	bauz1241	False
Batak	bya	bata1301	False
Barranbinya	NOCODE_Barranbinya	barr1252	False
Barasana-Eduria	bsn	bara1380	False
Banao Itneg	bjx	bana1288	False
Bajelani	bjm	baje1238	False
Bahnar	bdq	bahn1262	False
Bahamas Creole English	bah	baha1260	False
Baham	bdw	baha1258	False
Badjirri	jbi	badj1244	False
Badimaya	bia	badi1246	False
Badaga	bfq	bada1257	False
Baatonum	bba	baat1238	False
Avestan	ave	aves1237	False
Arpitan	frp	fran1260	False
Arifama-Miniafia	aai	arif1239	False
Annobonese	fab	fada1250	False
Anguthimri	awg	angu1242	False
Angika	anp	angi1238	False
Angal	age	anga1293	False
Angaataha	agm	anga1290	False
Anfillo	myo	anfi1235	False
Andaman Creole Hindi	hca	anda1280	False
Ambulas	abt	ambu1247	False
Amahuaca	amc	amah1246	False
Ama (Sudan)	nyi	amas1236	False
Aleut	ale	aleu1260	False
Aimele	ail	aime1238	False
Abawiri	flh	foau1240	False
/Xam	xam	xamm1241	False
//Gana	gnk	gana1274	False
